Product,Month,BU,Backlog
     ITEM_4-000-0550,1/1/2022,D100,0
     ITEM_4-000-0550,2/1/2022,D100,0
     ITEM_4-000-0550,3/1/2022,D100,0
     ITEM_4-000-0550,4/1/2022,D100,0
     ITEM_4-000-0550,5/1/2022,D100,0
     ITEM_4-000-0550,6/1/2022,D100,0
     ITEM_4-000-0550,7/1/2022,D100,0
     ITEM_4-000-0550,8/1/2022,D100,0
     ITEM_4-000-0550,9/1/2022,D100,0
     ITEM_4-000-0550,10/1/2022,D100,0
     ITEM_4-000-0550,11/1/2022,D100,0
     ITEM_4-000-0550,12/1/2022,D100,0
     ITEM_4-000-0550,1/1/2023,D100,0
     ITEM_4-000-0550,2/1/2023,D100,0
     ITEM_4-000-0550,3/1/2023,D100,0
     ITEM_4-000-0550,4/1/2023,D100,0
     ITEM_4-000-0550,5/1/2023,D100,0
     ITEM_4-000-0550,6/1/2023,D100,0
     ITEM_4-000-0550,7/1/2023,D100,0
     ITEM_4-000-0550,8/1/2023,D100,4
     ITEM_4-000-0550,9/1/2023,D100,10
     ITEM_4-000-0550,10/1/2023,D100,56
     ITEM_4-000-0550,11/1/2023,D100,54
     ITEM_4-000-0550,12/1/2023,D100,57
     ITEM_4-000-0550,1/1/2024,D100,39
     ITEM_4-000-0550,2/1/2024,D100,70
     ITEM_4-000-0550,3/1/2024,D100,159
     ITEM_4-000-0550,4/1/2024,D100,108
     ITEM_4-000-0550,5/1/2024,D100,100
     ITEM_4-000-0550,6/1/2024,D100,44
     ITEM_4-000-0550,7/1/2024,D100,37
     ITEM_4-000-0550,8/1/2024,D100,69
     ITEM_4-000-0550,9/1/2024,D100,114
     ITEM_4-000-0550,10/1/2024,D100,77
     ITEM_4-000-0550,11/1/2024,D100,116
     ITEM_4-000-0550,12/1/2024,D100,90
     ITEM_4-000-0550,1/1/2025,D100,105
     ITEM_4-000-0550,2/1/2025,D100,45
     ITEM_4-000-0550,3/1/2025,D100,53
     ITEM_4-000-0550,4/1/2025,D100,14
     ITEM_4-000-0550,5/1/2025,D100,69
     ITEM_4-000-0550,6/1/2025,D100,102
     ITEM_4-000-0550,7/1/2025,D100,74
     ITEM_4-000-0550,8/1/2025,D100,51
     ITEM_4-000-0550,9/1/2025,D100,72
     ITEM_4-000-0550,10/1/2025,D100,28
     ITEM_4-000-0550,11/1/2025,D100,5
     ITEM_4-000-0550,12/1/2025,D100,15
     ITEM_M11-040,1/1/2022,D200,652
     ITEM_M11-040,2/1/2022,D200,529
     ITEM_M11-040,3/1/2022,D200,711
     ITEM_M11-040,4/1/2022,D200,544
     ITEM_M11-040,5/1/2022,D200,720
     ITEM_M11-040,6/1/2022,D200,687
     ITEM_M11-040,7/1/2022,D200,831
     ITEM_M11-040,8/1/2022,D200,991
     ITEM_M11-040,9/1/2022,D200,805
     ITEM_M11-040,10/1/2022,D200,594
     ITEM_M11-040,11/1/2022,D200,609
     ITEM_M11-040,12/1/2022,D200,1302
     ITEM_M11-040,1/1/2023,D200,496
     ITEM_M11-040,2/1/2023,D200,208
     ITEM_M11-040,3/1/2023,D200,314
     ITEM_M11-040,4/1/2023,D200,365
     ITEM_M11-040,5/1/2023,D200,471
     ITEM_M11-040,6/1/2023,D200,519
     ITEM_M11-040,7/1/2023,D200,448
     ITEM_M11-040,8/1/2023,D200,552
     ITEM_M11-040,9/1/2023,D200,548
     ITEM_M11-040,10/1/2023,D200,473
     ITEM_M11-040,11/1/2023,D200,469
     ITEM_M11-040,12/1/2023,D200,580
     ITEM_M11-040,1/1/2024,D200,603
     ITEM_M11-040,2/1/2024,D200,473
     ITEM_M11-040,3/1/2024,D200,466
     ITEM_M11-040,4/1/2024,D200,535
     ITEM_M11-040,5/1/2024,D200,484
     ITEM_M11-040,6/1/2024,D200,442
     ITEM_M11-040,7/1/2024,D200,508
     ITEM_M11-040,8/1/2024,D200,340
     ITEM_M11-040,9/1/2024,D200,350
     ITEM_M11-040,10/1/2024,D200,454
     ITEM_M11-040,11/1/2024,D200,548
     ITEM_M11-040,12/1/2024,D200,503
     ITEM_M11-040,1/1/2025,D200,282
     ITEM_M11-040,2/1/2025,D200,475
     ITEM_M11-040,3/1/2025,D200,373
     ITEM_M11-040,4/1/2025,D200,371
     ITEM_M11-040,5/1/2025,D200,394
     ITEM_M11-040,6/1/2025,D200,262
     ITEM_M11-040,7/1/2025,D200,346
     ITEM_M11-040,8/1/2025,D200,251
     ITEM_M11-040,9/1/2025,D200,281
     ITEM_M11-040,10/1/2025,D200,409
     ITEM_M11-040,11/1/2025,D200,10
     ITEM_M11-040,12/1/2025,D200,5
     ITEM_M11-043,1/1/2022,D300,52
     ITEM_M11-043,2/1/2022,D300,87
     ITEM_M11-043,3/1/2022,D300,221
     ITEM_M11-043,4/1/2022,D300,126
     ITEM_M11-043,5/1/2022,D300,82
     ITEM_M11-043,6/1/2022,D300,83
     ITEM_M11-043,7/1/2022,D300,135
     ITEM_M11-043,8/1/2022,D300,178
     ITEM_M11-043,9/1/2022,D300,399
     ITEM_M11-043,10/1/2022,D300,145
     ITEM_M11-043,11/1/2022,D300,185
     ITEM_M11-043,12/1/2022,D300,116
     ITEM_M11-043,1/1/2023,D300,58
     ITEM_M11-043,2/1/2023,D300,99
     ITEM_M11-043,3/1/2023,D300,147
     ITEM_M11-043,4/1/2023,D300,59
     ITEM_M11-043,5/1/2023,D300,142
     ITEM_M11-043,6/1/2023,D300,110
     ITEM_M11-043,7/1/2023,D300,177
     ITEM_M11-043,8/1/2023,D300,202
     ITEM_M11-043,9/1/2023,D300,250
     ITEM_M11-043,10/1/2023,D300,151
     ITEM_M11-043,11/1/2023,D300,98
     ITEM_M11-043,12/1/2023,D300,90
     ITEM_M11-043,1/1/2024,D300,87
     ITEM_M11-043,2/1/2024,D300,53
     ITEM_M11-043,3/1/2024,D300,99
     ITEM_M11-043,4/1/2024,D300,96
     ITEM_M11-043,5/1/2024,D300,139
     ITEM_M11-043,6/1/2024,D300,59
     ITEM_M11-043,7/1/2024,D300,96
     ITEM_M11-043,8/1/2024,D300,50
     ITEM_M11-043,9/1/2024,D300,121
     ITEM_M11-043,10/1/2024,D300,96
     ITEM_M11-043,11/1/2024,D300,51
     ITEM_M11-043,12/1/2024,D300,76
     ITEM_M11-043,1/1/2025,D300,65
     ITEM_M11-043,2/1/2025,D300,51
     ITEM_M11-043,3/1/2025,D300,90
     ITEM_M11-043,4/1/2025,D300,76
     ITEM_M11-043,5/1/2025,D300,61
     ITEM_M11-043,6/1/2025,D300,61
     ITEM_M11-043,7/1/2025,D300,70
     ITEM_M11-043,8/1/2025,D300,66
     ITEM_M11-043,9/1/2025,D300,99
     ITEM_M11-043,10/1/2025,D300,98
     ITEM_M11-043,11/1/2025,D300,0
     ITEM_M11-043,12/1/2025,D300,2
     ITEM_M11-050,1/1/2022,D200,0
     ITEM_M11-050,2/1/2022,D200,0
     ITEM_M11-050,3/1/2022,D200,0
     ITEM_M11-050,4/1/2022,D200,0
     ITEM_M11-050,5/1/2022,D200,0
     ITEM_M11-050,6/1/2022,D200,0
     ITEM_M11-050,7/1/2022,D200,0
     ITEM_M11-050,8/1/2022,D200,0
     ITEM_M11-050,9/1/2022,D200,0
     ITEM_M11-050,10/1/2022,D200,0
     ITEM_M11-050,11/1/2022,D200,0
     ITEM_M11-050,12/1/2022,D200,0
     ITEM_M11-050,1/1/2023,D200,0
     ITEM_M11-050,2/1/2023,D200,0
     ITEM_M11-050,3/1/2023,D200,0
     ITEM_M11-050,4/1/2023,D200,0
     ITEM_M11-050,5/1/2023,D200,0
     ITEM_M11-050,6/1/2023,D200,0
     ITEM_M11-050,7/1/2023,D200,8
     ITEM_M11-050,8/1/2023,D200,0
     ITEM_M11-050,9/1/2023,D200,0
     ITEM_M11-050,10/1/2023,D200,0
     ITEM_M11-050,11/1/2023,D200,0
     ITEM_M11-050,12/1/2023,D200,0
     ITEM_M11-050,1/1/2024,D200,2
     ITEM_M11-050,2/1/2024,D200,0
     ITEM_M11-050,3/1/2024,D200,0
     ITEM_M11-050,4/1/2024,D200,2
     ITEM_M11-050,5/1/2024,D200,9
     ITEM_M11-050,6/1/2024,D200,1
     ITEM_M11-050,7/1/2024,D200,99
     ITEM_M11-050,8/1/2024,D200,204
     ITEM_M11-050,9/1/2024,D200,196
     ITEM_M11-050,10/1/2024,D200,78
     ITEM_M11-050,11/1/2024,D200,10
     ITEM_M11-050,12/1/2024,D200,147
     ITEM_M11-050,1/1/2025,D200,155
     ITEM_M11-050,2/1/2025,D200,172
     ITEM_M11-050,3/1/2025,D200,261
     ITEM_M11-050,4/1/2025,D200,180
     ITEM_M11-050,5/1/2025,D200,207
     ITEM_M11-050,6/1/2025,D200,194
     ITEM_M11-050,7/1/2025,D200,221
     ITEM_M11-050,8/1/2025,D200,225
     ITEM_M11-050,9/1/2025,D200,229
     ITEM_M11-050,10/1/2025,D200,190
     ITEM_M11-050,11/1/2025,D200,19
     ITEM_M11-050,12/1/2025,D200,21
     ITEM_M11-053,1/1/2022,D300,0
     ITEM_M11-053,2/1/2022,D300,0
     ITEM_M11-053,3/1/2022,D300,0
     ITEM_M11-053,4/1/2022,D300,0
     ITEM_M11-053,5/1/2022,D300,0
     ITEM_M11-053,6/1/2022,D300,0
     ITEM_M11-053,7/1/2022,D300,0
     ITEM_M11-053,8/1/2022,D300,0
     ITEM_M11-053,9/1/2022,D300,0
     ITEM_M11-053,10/1/2022,D300,0
     ITEM_M11-053,11/1/2022,D300,0
     ITEM_M11-053,12/1/2022,D300,0
     ITEM_M11-053,1/1/2023,D300,0
     ITEM_M11-053,2/1/2023,D300,0
     ITEM_M11-053,3/1/2023,D300,0
     ITEM_M11-053,4/1/2023,D300,0
     ITEM_M11-053,5/1/2023,D300,0
     ITEM_M11-053,6/1/2023,D300,0
     ITEM_M11-053,7/1/2023,D300,0
     ITEM_M11-053,8/1/2023,D300,0
     ITEM_M11-053,9/1/2023,D300,0
     ITEM_M11-053,10/1/2023,D300,0
     ITEM_M11-053,11/1/2023,D300,0
     ITEM_M11-053,12/1/2023,D300,0
     ITEM_M11-053,1/1/2024,D300,0
     ITEM_M11-053,2/1/2024,D300,0
     ITEM_M11-053,3/1/2024,D300,0
     ITEM_M11-053,4/1/2024,D300,1
     ITEM_M11-053,5/1/2024,D300,0
     ITEM_M11-053,6/1/2024,D300,0
     ITEM_M11-053,7/1/2024,D300,55
     ITEM_M11-053,8/1/2024,D300,65
     ITEM_M11-053,9/1/2024,D300,21
     ITEM_M11-053,10/1/2024,D300,63
     ITEM_M11-053,11/1/2024,D300,5
     ITEM_M11-053,12/1/2024,D300,38
     ITEM_M11-053,1/1/2025,D300,46
     ITEM_M11-053,2/1/2025,D300,68
     ITEM_M11-053,3/1/2025,D300,71
     ITEM_M11-053,4/1/2025,D300,44
     ITEM_M11-053,5/1/2025,D300,61
     ITEM_M11-053,6/1/2025,D300,90
     ITEM_M11-053,7/1/2025,D300,46
     ITEM_M11-053,8/1/2025,D300,43
     ITEM_M11-053,9/1/2025,D300,101
     ITEM_M11-053,10/1/2025,D300,133
     ITEM_M11-053,11/1/2025,D300,6
     ITEM_M11-053,12/1/2025,D300,5
     ITEM_M9-040,1/1/2022,D200,54
     ITEM_M9-040,2/1/2022,D200,55
     ITEM_M9-040,3/1/2022,D200,109
     ITEM_M9-040,4/1/2022,D200,36
     ITEM_M9-040,5/1/2022,D200,51
     ITEM_M9-040,6/1/2022,D200,62
     ITEM_M9-040,7/1/2022,D200,159
     ITEM_M9-040,8/1/2022,D200,67
     ITEM_M9-040,9/1/2022,D200,45
     ITEM_M9-040,10/1/2022,D200,110
     ITEM_M9-040,11/1/2022,D200,78
     ITEM_M9-040,12/1/2022,D200,63
     ITEM_M9-040,1/1/2023,D200,22
     ITEM_M9-040,2/1/2023,D200,47
     ITEM_M9-040,3/1/2023,D200,57
     ITEM_M9-040,4/1/2023,D200,38
     ITEM_M9-040,5/1/2023,D200,57
     ITEM_M9-040,6/1/2023,D200,37
     ITEM_M9-040,7/1/2023,D200,36
     ITEM_M9-040,8/1/2023,D200,70
     ITEM_M9-040,9/1/2023,D200,33
     ITEM_M9-040,10/1/2023,D200,41
     ITEM_M9-040,11/1/2023,D200,59
     ITEM_M9-040,12/1/2023,D200,62
     ITEM_M9-040,1/1/2024,D200,46
     ITEM_M9-040,2/1/2024,D200,40
     ITEM_M9-040,3/1/2024,D200,46
     ITEM_M9-040,4/1/2024,D200,69
     ITEM_M9-040,5/1/2024,D200,43
     ITEM_M9-040,6/1/2024,D200,49
     ITEM_M9-040,7/1/2024,D200,60
     ITEM_M9-040,8/1/2024,D200,29
     ITEM_M9-040,9/1/2024,D200,40
     ITEM_M9-040,10/1/2024,D200,33
     ITEM_M9-040,11/1/2024,D200,45
     ITEM_M9-040,12/1/2024,D200,51
     ITEM_M9-040,1/1/2025,D200,48
     ITEM_M9-040,2/1/2025,D200,32
     ITEM_M9-040,3/1/2025,D200,24
     ITEM_M9-040,4/1/2025,D200,30
     ITEM_M9-040,5/1/2025,D200,24
     ITEM_M9-040,6/1/2025,D200,24
     ITEM_M9-040,7/1/2025,D200,42
     ITEM_M9-040,8/1/2025,D200,36
     ITEM_M9-040,9/1/2025,D200,21
     ITEM_M9-040,10/1/2025,D200,30
     ITEM_M9-040,11/1/2025,D200,0
     ITEM_M9-040,12/1/2025,D200,0
     ITEM_M9-043,1/1/2022,D300,2
     ITEM_M9-043,2/1/2022,D300,4
     ITEM_M9-043,3/1/2022,D300,6
     ITEM_M9-043,4/1/2022,D300,10
     ITEM_M9-043,5/1/2022,D300,7
     ITEM_M9-043,6/1/2022,D300,10
     ITEM_M9-043,7/1/2022,D300,0
     ITEM_M9-043,8/1/2022,D300,6
     ITEM_M9-043,9/1/2022,D300,25
     ITEM_M9-043,10/1/2022,D300,28
     ITEM_M9-043,11/1/2022,D300,18
     ITEM_M9-043,12/1/2022,D300,6
     ITEM_M9-043,1/1/2023,D300,13
     ITEM_M9-043,2/1/2023,D300,13
     ITEM_M9-043,3/1/2023,D300,16
     ITEM_M9-043,4/1/2023,D300,9
     ITEM_M9-043,5/1/2023,D300,7
     ITEM_M9-043,6/1/2023,D300,11
     ITEM_M9-043,7/1/2023,D300,10
     ITEM_M9-043,8/1/2023,D300,22
     ITEM_M9-043,9/1/2023,D300,3
     ITEM_M9-043,10/1/2023,D300,33
     ITEM_M9-043,11/1/2023,D300,21
     ITEM_M9-043,12/1/2023,D300,5
     ITEM_M9-043,1/1/2024,D300,13
     ITEM_M9-043,2/1/2024,D300,6
     ITEM_M9-043,3/1/2024,D300,17
     ITEM_M9-043,4/1/2024,D300,10
     ITEM_M9-043,5/1/2024,D300,20
     ITEM_M9-043,6/1/2024,D300,12
     ITEM_M9-043,7/1/2024,D300,4
     ITEM_M9-043,8/1/2024,D300,3
     ITEM_M9-043,9/1/2024,D300,6
     ITEM_M9-043,10/1/2024,D300,15
     ITEM_M9-043,11/1/2024,D300,3
     ITEM_M9-043,12/1/2024,D300,5
     ITEM_M9-043,1/1/2025,D300,1
     ITEM_M9-043,2/1/2025,D300,3
     ITEM_M9-043,3/1/2025,D300,1
     ITEM_M9-043,4/1/2025,D300,3
     ITEM_M9-043,5/1/2025,D300,5
     ITEM_M9-043,6/1/2025,D300,4
     ITEM_M9-043,7/1/2025,D300,7
     ITEM_M9-043,8/1/2025,D300,4
     ITEM_M9-043,9/1/2025,D300,17
     ITEM_M9-043,10/1/2025,D300,1
     ITEM_M9-043,11/1/2025,D300,0
     ITEM_M9-043,12/1/2025,D300,0
     ITEM_M9-050,1/1/2022,D200,0
     ITEM_M9-050,2/1/2022,D200,0
     ITEM_M9-050,3/1/2022,D200,0
     ITEM_M9-050,4/1/2022,D200,0
     ITEM_M9-050,5/1/2022,D200,0
     ITEM_M9-050,6/1/2022,D200,0
     ITEM_M9-050,7/1/2022,D200,0
     ITEM_M9-050,8/1/2022,D200,0
     ITEM_M9-050,9/1/2022,D200,0
     ITEM_M9-050,10/1/2022,D200,0
     ITEM_M9-050,11/1/2022,D200,0
     ITEM_M9-050,12/1/2022,D200,0
     ITEM_M9-050,1/1/2023,D200,0
     ITEM_M9-050,2/1/2023,D200,0
     ITEM_M9-050,3/1/2023,D200,0
     ITEM_M9-050,4/1/2023,D200,0
     ITEM_M9-050,5/1/2023,D200,0
     ITEM_M9-050,6/1/2023,D200,0
     ITEM_M9-050,7/1/2023,D200,15
     ITEM_M9-050,8/1/2023,D200,0
     ITEM_M9-050,9/1/2023,D200,0
     ITEM_M9-050,10/1/2023,D200,0
     ITEM_M9-050,11/1/2023,D200,0
     ITEM_M9-050,12/1/2023,D200,0
     ITEM_M9-050,1/1/2024,D200,1
     ITEM_M9-050,2/1/2024,D200,0
     ITEM_M9-050,3/1/2024,D200,0
     ITEM_M9-050,4/1/2024,D200,0
     ITEM_M9-050,5/1/2024,D200,0
     ITEM_M9-050,6/1/2024,D200,0
     ITEM_M9-050,7/1/2024,D200,20
     ITEM_M9-050,8/1/2024,D200,18
     ITEM_M9-050,9/1/2024,D200,12
     ITEM_M9-050,10/1/2024,D200,7
     ITEM_M9-050,11/1/2024,D200,-1
     ITEM_M9-050,12/1/2024,D200,2
     ITEM_M9-050,1/1/2025,D200,8
     ITEM_M9-050,2/1/2025,D200,15
     ITEM_M9-050,3/1/2025,D200,17
     ITEM_M9-050,4/1/2025,D200,14
     ITEM_M9-050,5/1/2025,D200,13
     ITEM_M9-050,6/1/2025,D200,12
     ITEM_M9-050,7/1/2025,D200,20
     ITEM_M9-050,8/1/2025,D200,13
     ITEM_M9-050,9/1/2025,D200,25
     ITEM_M9-050,10/1/2025,D200,7
     ITEM_M9-050,11/1/2025,D200,0
     ITEM_M9-050,12/1/2025,D200,0
     ITEM_M9-053,1/1/2022,D300,0
     ITEM_M9-053,2/1/2022,D300,0
     ITEM_M9-053,3/1/2022,D300,0
     ITEM_M9-053,4/1/2022,D300,0
     ITEM_M9-053,5/1/2022,D300,0
     ITEM_M9-053,6/1/2022,D300,0
     ITEM_M9-053,7/1/2022,D300,0
     ITEM_M9-053,8/1/2022,D300,0
     ITEM_M9-053,9/1/2022,D300,0
     ITEM_M9-053,10/1/2022,D300,0
     ITEM_M9-053,11/1/2022,D300,0
     ITEM_M9-053,12/1/2022,D300,0
     ITEM_M9-053,1/1/2023,D300,0
     ITEM_M9-053,2/1/2023,D300,0
     ITEM_M9-053,3/1/2023,D300,0
     ITEM_M9-053,4/1/2023,D300,0
     ITEM_M9-053,5/1/2023,D300,0
     ITEM_M9-053,6/1/2023,D300,0
     ITEM_M9-053,7/1/2023,D300,0
     ITEM_M9-053,8/1/2023,D300,0
     ITEM_M9-053,9/1/2023,D300,0
     ITEM_M9-053,10/1/2023,D300,0
     ITEM_M9-053,11/1/2023,D300,0
     ITEM_M9-053,12/1/2023,D300,0
     ITEM_M9-053,1/1/2024,D300,0
     ITEM_M9-053,2/1/2024,D300,0
     ITEM_M9-053,3/1/2024,D300,0
     ITEM_M9-053,4/1/2024,D300,0
     ITEM_M9-053,5/1/2024,D300,0
     ITEM_M9-053,6/1/2024,D300,0
     ITEM_M9-053,7/1/2024,D300,8
     ITEM_M9-053,8/1/2024,D300,4
     ITEM_M9-053,9/1/2024,D300,3
     ITEM_M9-053,10/1/2024,D300,10
     ITEM_M9-053,11/1/2024,D300,0
     ITEM_M9-053,12/1/2024,D300,6
     ITEM_M9-053,1/1/2025,D300,2
     ITEM_M9-053,2/1/2025,D300,3
     ITEM_M9-053,3/1/2025,D300,0
     ITEM_M9-053,4/1/2025,D300,1
     ITEM_M9-053,5/1/2025,D300,2
     ITEM_M9-053,6/1/2025,D300,4
     ITEM_M9-053,7/1/2025,D300,6
     ITEM_M9-053,8/1/2025,D300,1
     ITEM_M9-053,9/1/2025,D300,4
     ITEM_M9-053,10/1/2025,D300,6
     ITEM_M9-053,11/1/2025,D300,0
     ITEM_M9-053,12/1/2025,D300,0
     Prod_224,1/1/2022,D100,601
     Prod_224,2/1/2022,D100,1013
     Prod_224,3/1/2022,D100,834
     Prod_224,4/1/2022,D100,1215
     Prod_224,5/1/2022,D100,738
     Prod_224,6/1/2022,D100,859
     Prod_224,7/1/2022,D100,892
     Prod_224,8/1/2022,D100,867
     Prod_224,9/1/2022,D100,648
     Prod_224,10/1/2022,D100,845
     Prod_224,11/1/2022,D100,600
     Prod_224,12/1/2022,D100,1150
     Prod_224,1/1/2023,D100,788
     Prod_224,2/1/2023,D100,782
     Prod_224,3/1/2023,D100,1217
     Prod_224,4/1/2023,D100,881
     Prod_224,5/1/2023,D100,1011
     Prod_224,6/1/2023,D100,846
     Prod_224,7/1/2023,D100,925
     Prod_224,8/1/2023,D100,1467
     Prod_224,9/1/2023,D100,746
     Prod_224,10/1/2023,D100,637
     Prod_224,11/1/2023,D100,857
     Prod_224,12/1/2023,D100,848
     Prod_224,1/1/2024,D100,690
     Prod_224,2/1/2024,D100,707
     Prod_224,3/1/2024,D100,792
     Prod_224,4/1/2024,D100,830
     Prod_224,5/1/2024,D100,842
     Prod_224,6/1/2024,D100,681
     Prod_224,7/1/2024,D100,873
     Prod_224,8/1/2024,D100,914
     Prod_224,9/1/2024,D100,721
     Prod_224,10/1/2024,D100,883
     Prod_224,11/1/2024,D100,766
     Prod_224,12/1/2024,D100,789
     Prod_224,1/1/2025,D100,577
     Prod_224,2/1/2025,D100,809
     Prod_224,3/1/2025,D100,791
     Prod_224,4/1/2025,D100,666
     Prod_224,5/1/2025,D100,904
     Prod_224,6/1/2025,D100,864
     Prod_224,7/1/2025,D100,908
     Prod_224,8/1/2025,D100,709
     Prod_224,9/1/2025,D100,1006
     Prod_224,10/1/2025,D100,645
     Prod_224,11/1/2025,D100,224
     Prod_224,12/1/2025,D100,24
ITEM_4-000-0080,1/1/2022,D100,0
ITEM_4-000-0080,2/1/2022,D100,0
ITEM_4-000-0080,3/1/2022,D100,0
ITEM_4-000-0080,4/1/2022,D100,0
ITEM_4-000-0080,5/1/2022,D100,0
ITEM_4-000-0080,6/1/2022,D100,0
ITEM_4-000-0080,7/1/2022,D100,0
ITEM_4-000-0080,8/1/2022,D100,0
ITEM_4-000-0080,9/1/2022,D100,0
ITEM_4-000-0080,10/1/2022,D100,0
ITEM_4-000-0080,11/1/2022,D100,0
ITEM_4-000-0080,12/1/2022,D100,0
ITEM_4-000-0080,1/1/2023,D100,0
ITEM_4-000-0080,2/1/2023,D100,0
ITEM_4-000-0080,3/1/2023,D100,0
ITEM_4-000-0080,4/1/2023,D100,0
ITEM_4-000-0080,5/1/2023,D100,1
ITEM_4-000-0080,6/1/2023,D100,21
ITEM_4-000-0080,7/1/2023,D100,386
ITEM_4-000-0080,8/1/2023,D100,421
ITEM_4-000-0080,9/1/2023,D100,227
ITEM_4-000-0080,10/1/2023,D100,273
ITEM_4-000-0080,11/1/2023,D100,342
ITEM_4-000-0080,12/1/2023,D100,419
ITEM_4-000-0080,1/1/2024,D100,423
ITEM_4-000-0080,2/1/2024,D100,320
ITEM_4-000-0080,3/1/2024,D100,266
ITEM_4-000-0080,4/1/2024,D100,231
ITEM_4-000-0080,5/1/2024,D100,272
ITEM_4-000-0080,6/1/2024,D100,235
ITEM_4-000-0080,7/1/2024,D100,319
ITEM_4-000-0080,8/1/2024,D100,355
ITEM_4-000-0080,9/1/2024,D100,198
ITEM_4-000-0080,10/1/2024,D100,113
ITEM_4-000-0080,11/1/2024,D100,325
ITEM_4-000-0080,12/1/2024,D100,746
ITEM_4-000-0080,1/1/2025,D100,261
ITEM_4-000-0080,2/1/2025,D100,366
ITEM_4-000-0080,3/1/2025,D100,334
ITEM_4-000-0080,4/1/2025,D100,424
ITEM_4-000-0080,5/1/2025,D100,344
ITEM_4-000-0080,6/1/2025,D100,192
ITEM_4-000-0080,7/1/2025,D100,274
ITEM_4-000-0080,8/1/2025,D100,343
ITEM_4-000-0080,9/1/2025,D100,257
ITEM_4-000-0080,10/1/2025,D100,212
ITEM_4-000-0080,11/1/2025,D100,1
ITEM_4-000-0080,12/1/2025,D100,0
Prod_204,1/1/2022,D100,2237
Prod_204,2/1/2022,D100,2580
Prod_204,3/1/2022,D100,3526
Prod_204,4/1/2022,D100,2603
Prod_204,5/1/2022,D100,3194
Prod_204,6/1/2022,D100,2795
Prod_204,7/1/2022,D100,2381
Prod_204,8/1/2022,D100,3394
Prod_204,9/1/2022,D100,2487
Prod_204,10/1/2022,D100,2715
Prod_204,11/1/2022,D100,3141
Prod_204,12/1/2022,D100,3194
Prod_204,1/1/2023,D100,1312
Prod_204,2/1/2023,D100,2765
Prod_204,3/1/2023,D100,2472
Prod_204,4/1/2023,D100,2013
Prod_204,5/1/2023,D100,2150
Prod_204,6/1/2023,D100,2575
Prod_204,7/1/2023,D100,2086
Prod_204,8/1/2023,D100,2100
Prod_204,9/1/2023,D100,1950
Prod_204,10/1/2023,D100,2160
Prod_204,11/1/2023,D100,1862
Prod_204,12/1/2023,D100,2082
Prod_204,1/1/2024,D100,1957
Prod_204,2/1/2024,D100,2084
Prod_204,3/1/2024,D100,1897
Prod_204,4/1/2024,D100,2183
Prod_204,5/1/2024,D100,2000
Prod_204,6/1/2024,D100,1512
Prod_204,7/1/2024,D100,2575
Prod_204,8/1/2024,D100,2117
Prod_204,9/1/2024,D100,2259
Prod_204,10/1/2024,D100,2376
Prod_204,11/1/2024,D100,1754
Prod_204,12/1/2024,D100,1813
Prod_204,1/1/2025,D100,1450
Prod_204,2/1/2025,D100,1980
Prod_204,3/1/2025,D100,1987
Prod_204,4/1/2025,D100,1921
Prod_204,5/1/2025,D100,1775
Prod_204,6/1/2025,D100,2258
Prod_204,7/1/2025,D100,2106
Prod_204,8/1/2025,D100,2001
Prod_204,9/1/2025,D100,1814
Prod_204,10/1/2025,D100,1259
Prod_204,11/1/2025,D100,25
Prod_204,12/1/2025,D100,32
PROD_50,1/1/2022,D100,205
PROD_50,2/1/2022,D100,139
PROD_50,3/1/2022,D100,190
PROD_50,4/1/2022,D100,223
PROD_50,5/1/2022,D100,293
PROD_50,6/1/2022,D100,198
PROD_50,7/1/2022,D100,187
PROD_50,8/1/2022,D100,173
PROD_50,9/1/2022,D100,176
PROD_50,10/1/2022,D100,212
PROD_50,11/1/2022,D100,192
PROD_50,12/1/2022,D100,142
PROD_50,1/1/2023,D100,162
PROD_50,2/1/2023,D100,200
PROD_50,3/1/2023,D100,183
PROD_50,4/1/2023,D100,115
PROD_50,5/1/2023,D100,172
PROD_50,6/1/2023,D100,267
PROD_50,7/1/2023,D100,183
PROD_50,8/1/2023,D100,187
PROD_50,9/1/2023,D100,161
PROD_50,10/1/2023,D100,139
PROD_50,11/1/2023,D100,171
PROD_50,12/1/2023,D100,125
PROD_50,1/1/2024,D100,111
PROD_50,2/1/2024,D100,127
PROD_50,3/1/2024,D100,247
PROD_50,4/1/2024,D100,176
PROD_50,5/1/2024,D100,152
PROD_50,6/1/2024,D100,146
PROD_50,7/1/2024,D100,176
PROD_50,8/1/2024,D100,138
PROD_50,9/1/2024,D100,178
PROD_50,10/1/2024,D100,184
PROD_50,11/1/2024,D100,291
PROD_50,12/1/2024,D100,138
PROD_50,1/1/2025,D100,117
PROD_50,2/1/2025,D100,142
PROD_50,3/1/2025,D100,101
PROD_50,4/1/2025,D100,105
PROD_50,5/1/2025,D100,93
PROD_50,6/1/2025,D100,241
PROD_50,7/1/2025,D100,142
PROD_50,8/1/2025,D100,141
PROD_50,9/1/2025,D100,134
PROD_50,10/1/2025,D100,117
PROD_50,11/1/2025,D100,65
PROD_50,12/1/2025,D100,0
Prod_53,1/1/2022,D100,133
Prod_53,2/1/2022,D100,636
Prod_53,3/1/2022,D100,660
Prod_53,4/1/2022,D100,480
Prod_53,5/1/2022,D100,615
Prod_53,6/1/2022,D100,259
Prod_53,7/1/2022,D100,768
Prod_53,8/1/2022,D100,527
Prod_53,9/1/2022,D100,495
Prod_53,10/1/2022,D100,407
Prod_53,11/1/2022,D100,454
Prod_53,12/1/2022,D100,615
Prod_53,1/1/2023,D100,400
Prod_53,2/1/2023,D100,370
Prod_53,3/1/2023,D100,403
Prod_53,4/1/2023,D100,328
Prod_53,5/1/2023,D100,307
Prod_53,6/1/2023,D100,390
Prod_53,7/1/2023,D100,621
Prod_53,8/1/2023,D100,609
Prod_53,9/1/2023,D100,300
Prod_53,10/1/2023,D100,474
Prod_53,11/1/2023,D100,465
Prod_53,12/1/2023,D100,417
Prod_53,1/1/2024,D100,494
Prod_53,2/1/2024,D100,403
Prod_53,3/1/2024,D100,342
Prod_53,4/1/2024,D100,302
Prod_53,5/1/2024,D100,557
Prod_53,6/1/2024,D100,376
Prod_53,7/1/2024,D100,480
Prod_53,8/1/2024,D100,502
Prod_53,9/1/2024,D100,583
Prod_53,10/1/2024,D100,604
Prod_53,11/1/2024,D100,408
Prod_53,12/1/2024,D100,301
Prod_53,1/1/2025,D100,300
Prod_53,2/1/2025,D100,573
Prod_53,3/1/2025,D100,458
Prod_53,4/1/2025,D100,579
Prod_53,5/1/2025,D100,642
Prod_53,6/1/2025,D100,396
Prod_53,7/1/2025,D100,555
Prod_53,8/1/2025,D100,455
Prod_53,9/1/2025,D100,550
Prod_53,10/1/2025,D100,478
Prod_53,11/1/2025,D100,131
Prod_53,12/1/2025,D100,16
