Product,BU,Month,raw_data,Backlog
               ITEM_4-000-0550,D100,9/1/2025,72,0.734969811
               ITEM_4-000-0550,D100,8/1/2025,51,0.25630236
               ITEM_4-000-0550,D100,7/1/2025,74,0.780557188
               ITEM_4-000-0550,D100,6/1/2025,102,1.418780456
               ITEM_4-000-0550,D100,5/1/2025,69,0.666588747
               ITEM_4-000-0550,D100,4/1/2025,14,-0.587064101
               ITEM_4-000-0550,D100,3/1/2025,53,0.301889736
               ITEM_4-000-0550,D100,2/1/2025,45,0.119540231
               ITEM_4-000-0550,D100,1/1/2025,105,1.48716152
               ITEM_4-000-0550,D100,12/1/2024,90,1.145256198
               ITEM_4-000-0550,D100,11/1/2024,116,1.73789209
               ITEM_4-000-0550,D100,10/1/2024,77,0.848938252
               ITEM_4-000-0550,D100,9/1/2024,114,1.692304714
               ITEM_4-000-0550,D100,8/1/2024,69,0.666588747
               ITEM_4-000-0550,D100,7/1/2024,37,-0.062809274
               ITEM_4-000-0550,D100,6/1/2024,44,0.096746543
               ITEM_4-000-0550,D100,5/1/2024,100,1.373193079
               ITEM_4-000-0550,D100,4/1/2024,108,1.555542585
               ITEM_4-000-0550,D100,3/1/2024,159,2.71802068
               ITEM_4-000-0550,D100,2/1/2024,70,0.689382435
               ITEM_4-000-0550,D100,1/1/2024,39,-0.017221898
               ITEM_4-000-0550,D100,12/1/2023,57,0.393064489
               ITEM_4-000-0550,D100,11/1/2023,54,0.324683425
               ITEM_4-000-0550,D100,10/1/2023,56,0.370270801
               ITEM_4-000-0550,D100,9/1/2023,10,-0.678238854
               ITEM_4-000-0550,D100,8/1/2023,4,-0.815000983
               ITEM_4-000-0550,D100,7/1/2023,0,-0.906175736
               ITEM_4-000-0550,D100,6/1/2023,0,-0.906175736
               ITEM_4-000-0550,D100,5/1/2023,0,-0.906175736
               ITEM_4-000-0550,D100,4/1/2023,0,-0.906175736
               ITEM_4-000-0550,D100,3/1/2023,0,-0.906175736
               ITEM_4-000-0550,D100,2/1/2023,0,-0.906175736
               ITEM_4-000-0550,D100,1/1/2023,0,-0.906175736
               ITEM_4-000-0550,D100,12/1/2022,0,-0.906175736
               ITEM_4-000-0550,D100,11/1/2022,0,-0.906175736
               ITEM_4-000-0550,D100,10/1/2022,0,-0.906175736
               ITEM_4-000-0550,D100,9/1/2022,0,-0.906175736
               ITEM_4-000-0550,D100,8/1/2022,0,-0.906175736
               ITEM_4-000-0550,D100,7/1/2022,0,-0.906175736
               ITEM_4-000-0550,D100,6/1/2022,0,-0.906175736
               ITEM_4-000-0550,D100,5/1/2022,0,-0.906175736
               ITEM_4-000-0550,D100,4/1/2022,0,-0.906175736
               ITEM_4-000-0550,D100,3/1/2022,0,-0.906175736
               ITEM_4-000-0550,D100,2/1/2022,0,-0.906175736
               ITEM_4-000-0550,D100,1/1/2022,0,-0.906175736
          ITEM_4-000-0080,D100,9/1/2025,257,0.351961197
          ITEM_4-000-0080,D100,8/1/2025,343,0.825402223
          ITEM_4-000-0080,D100,7/1/2025,274,0.445548377
          ITEM_4-000-0080,D100,6/1/2025,192,-0.005872137
          ITEM_4-000-0080,D100,5/1/2025,344,0.830907352
          ITEM_4-000-0080,D100,4/1/2025,424,1.271317609
          ITEM_4-000-0080,D100,3/1/2025,334,0.77585607
          ITEM_4-000-0080,D100,2/1/2025,366,0.952020172
          ITEM_4-000-0080,D100,1/1/2025,261,0.37398171
          ITEM_4-000-0080,D100,12/1/2024,746,3.043968893
          ITEM_4-000-0080,D100,11/1/2024,325,0.726309916
          ITEM_4-000-0080,D100,10/1/2024,113,-0.440777266
          ITEM_4-000-0080,D100,9/1/2024,198,0.027158633
          ITEM_4-000-0080,D100,8/1/2024,355,0.891463762
          ITEM_4-000-0080,D100,7/1/2024,319,0.693279146
          ITEM_4-000-0080,D100,6/1/2024,235,0.230848376
          ITEM_4-000-0080,D100,5/1/2024,272,0.43453812
          ITEM_4-000-0080,D100,4/1/2024,231,0.208827864
          ITEM_4-000-0080,D100,3/1/2024,266,0.401507351
          ITEM_4-000-0080,D100,2/1/2024,320,0.698784275
          ITEM_4-000-0080,D100,1/1/2024,423,1.265812481
          ITEM_4-000-0080,D100,12/1/2023,419,1.243791968
          ITEM_4-000-0080,D100,11/1/2023,342,0.819897095
          ITEM_4-000-0080,D100,10/1/2023,273,0.440043249
          ITEM_4-000-0080,D100,9/1/2023,227,0.186807351
          ITEM_4-000-0080,D100,8/1/2023,421,1.254802224
          ITEM_4-000-0080,D100,7/1/2023,386,1.062122737
          ITEM_4-000-0080,D100,6/1/2023,21,-0.947249061
          ITEM_4-000-0080,D100,5/1/2023,1,-1.057351626
          ITEM_4-000-0080,D100,4/1/2023,0,-1.062856754
          ITEM_4-000-0080,D100,3/1/2023,0,-1.062856754
          ITEM_4-000-0080,D100,2/1/2023,0,-1.062856754
          ITEM_4-000-0080,D100,1/1/2023,0,-1.062856754
          ITEM_4-000-0080,D100,12/1/2022,0,-1.062856754
          ITEM_4-000-0080,D100,11/1/2022,0,-1.062856754
          ITEM_4-000-0080,D100,10/1/2022,0,-1.062856754
          ITEM_4-000-0080,D100,9/1/2022,0,-1.062856754
          ITEM_4-000-0080,D100,8/1/2022,0,-1.062856754
          ITEM_4-000-0080,D100,7/1/2022,0,-1.062856754
          ITEM_4-000-0080,D100,6/1/2022,0,-1.062856754
          ITEM_4-000-0080,D100,5/1/2022,0,-1.062856754
          ITEM_4-000-0080,D100,4/1/2022,0,-1.062856754
          ITEM_4-000-0080,D100,3/1/2022,0,-1.062856754
          ITEM_4-000-0080,D100,2/1/2022,0,-1.062856754
          ITEM_4-000-0080,D100,1/1/2022,0,-1.062856754
          ITEM_CMDT-45,D300,9/1/2025,2,1.535063228
          ITEM_CMDT-45,D300,8/1/2025,1,0.402639535
          ITEM_CMDT-45,D300,7/1/2025,2,1.535063228
          ITEM_CMDT-45,D300,6/1/2025,0,-0.729784157
          ITEM_CMDT-45,D300,5/1/2025,0,-0.729784157
          ITEM_CMDT-45,D300,4/1/2025,0,-0.729784157
          ITEM_CMDT-45,D300,3/1/2025,0,-0.729784157
          ITEM_CMDT-45,D300,2/1/2025,0,-0.729784157
          ITEM_CMDT-45,D300,1/1/2025,0,-0.729784157
          ITEM_CMDT-45,D300,12/1/2024,0,-0.729784157
          ITEM_CMDT-45,D300,11/1/2024,1,0.402639535
          ITEM_CMDT-45,D300,10/1/2024,0,-0.729784157
          ITEM_CMDT-45,D300,9/1/2024,0,-0.729784157
          ITEM_CMDT-45,D300,8/1/2024,0,-0.729784157
          ITEM_CMDT-45,D300,7/1/2024,0,-0.729784157
          ITEM_CMDT-45,D300,6/1/2024,1,0.402639535
          ITEM_CMDT-45,D300,5/1/2024,2,1.535063228
          ITEM_CMDT-45,D300,4/1/2024,0,-0.729784157
          ITEM_CMDT-45,D300,3/1/2024,0,-0.729784157
          ITEM_CMDT-45,D300,2/1/2024,0,-0.729784157
          ITEM_CMDT-45,D300,1/1/2024,2,1.535063228
          ITEM_CMDT-45,D300,12/1/2023,0,-0.729784157
          ITEM_CMDT-45,D300,11/1/2023,0,-0.729784157
          ITEM_CMDT-45,D300,10/1/2023,0,-0.729784157
          ITEM_CMDT-45,D300,9/1/2023,0,-0.729784157
          ITEM_CMDT-45,D300,8/1/2023,0,-0.729784157
          ITEM_CMDT-45,D300,7/1/2023,0,-0.729784157
          ITEM_CMDT-45,D300,6/1/2023,1,0.402639535
          ITEM_CMDT-45,D300,5/1/2023,1,0.402639535
          ITEM_CMDT-45,D300,4/1/2023,1,0.402639535
          ITEM_CMDT-45,D300,3/1/2023,2,1.535063228
          ITEM_CMDT-45,D300,2/1/2023,1,0.402639535
          ITEM_CMDT-45,D300,1/1/2023,1,0.402639535
          ITEM_CMDT-45,D300,12/1/2022,3,2.66748692
          ITEM_CMDT-45,D300,11/1/2022,1,0.402639535
          ITEM_CMDT-45,D300,10/1/2022,0,-0.729784157
          ITEM_CMDT-45,D300,9/1/2022,2,1.535063228
          ITEM_CMDT-45,D300,8/1/2022,1,0.402639535
          ITEM_CMDT-45,D300,7/1/2022,0,-0.729784157
          ITEM_CMDT-45,D300,6/1/2022,0,-0.729784157
          ITEM_CMDT-45,D300,5/1/2022,1,0.402639535
          ITEM_CMDT-45,D300,4/1/2022,3,2.66748692
          ITEM_CMDT-45,D300,3/1/2022,0,-0.729784157
          ITEM_CMDT-45,D300,2/1/2022,0,-0.729784157
          ITEM_CMDT-45,D300,1/1/2022,0,-0.729784157
          ITEM_CMDT-60,D300,9/1/2025,5,0.790703155
          ITEM_CMDT-60,D300,8/1/2025,1,-1.132628844
          ITEM_CMDT-60,D300,7/1/2025,4,0.309870155
          ITEM_CMDT-60,D300,6/1/2025,3,-0.170962844
          ITEM_CMDT-60,D300,5/1/2025,3,-0.170962844
          ITEM_CMDT-60,D300,4/1/2025,7,1.752369155
          ITEM_CMDT-60,D300,3/1/2025,0,-1.613461844
          ITEM_CMDT-60,D300,2/1/2025,2,-0.651795844
          ITEM_CMDT-60,D300,1/1/2025,4,0.309870155
          ITEM_CMDT-60,D300,12/1/2024,5,0.790703155
          ITEM_CMDT-60,D300,11/1/2024,1,-1.132628844
          ITEM_CMDT-60,D300,10/1/2024,3,-0.170962844
          ITEM_CMDT-60,D300,9/1/2024,3,-0.170962844
          ITEM_CMDT-60,D300,8/1/2024,2,-0.651795844
          ITEM_CMDT-60,D300,7/1/2024,1,-1.132628844
          ITEM_CMDT-60,D300,6/1/2024,5,0.790703155
          ITEM_CMDT-60,D300,5/1/2024,5,0.790703155
          ITEM_CMDT-60,D300,4/1/2024,2,-0.651795844
          ITEM_CMDT-60,D300,3/1/2024,4,0.309870155
          ITEM_CMDT-60,D300,2/1/2024,4,0.309870155
          ITEM_CMDT-60,D300,1/1/2024,5,0.790703155
          ITEM_CMDT-60,D300,12/1/2023,4,0.309870155
          ITEM_CMDT-60,D300,11/1/2023,3,-0.170962844
          ITEM_CMDT-60,D300,10/1/2023,5,0.790703155
          ITEM_CMDT-60,D300,9/1/2023,6,1.271536155
          ITEM_CMDT-60,D300,8/1/2023,6,1.271536155
          ITEM_CMDT-60,D300,7/1/2023,5,0.790703155
          ITEM_CMDT-60,D300,6/1/2023,2,-0.651795844
          ITEM_CMDT-60,D300,5/1/2023,6,1.271536155
          ITEM_CMDT-60,D300,4/1/2023,2,-0.651795844
          ITEM_CMDT-60,D300,3/1/2023,4,0.309870155
          ITEM_CMDT-60,D300,2/1/2023,1,-1.132628844
          ITEM_CMDT-60,D300,1/1/2023,1,-1.132628844
          ITEM_CMDT-60,D300,12/1/2022,11,3.675701154
          ITEM_CMDT-60,D300,11/1/2022,2,-0.651795844
          ITEM_CMDT-60,D300,10/1/2022,1,-1.132628844
          ITEM_CMDT-60,D300,9/1/2022,2,-0.651795844
          ITEM_CMDT-60,D300,8/1/2022,4,0.309870155
          ITEM_CMDT-60,D300,7/1/2022,1,-1.132628844
          ITEM_CMDT-60,D300,6/1/2022,2,-0.651795844
          ITEM_CMDT-60,D300,5/1/2022,1,-1.132628844
          ITEM_CMDT-60,D300,4/1/2022,2,-0.651795844
          ITEM_CMDT-60,D300,3/1/2022,5,0.790703155
          ITEM_CMDT-60,D300,2/1/2022,3,-0.170962844
          ITEM_CMDT-60,D300,1/1/2022,3,-0.170962844
          ITEM_M11-040,D200,9/1/2025,281,-1.168480408
          ITEM_M11-040,D200,8/1/2025,251,-1.318513559
          ITEM_M11-040,D200,7/1/2025,346,-0.843408581
          ITEM_M11-040,D200,6/1/2025,262,-1.263501404
          ITEM_M11-040,D200,5/1/2025,394,-0.603355539
          ITEM_M11-040,D200,4/1/2025,371,-0.718380955
          ITEM_M11-040,D200,3/1/2025,373,-0.708378745
          ITEM_M11-040,D200,2/1/2025,475,-0.198266031
          ITEM_M11-040,D200,1/1/2025,282,-1.163479303
          ITEM_M11-040,D200,12/1/2024,503,-0.05823509
          ITEM_M11-040,D200,11/1/2024,548,0.166814637
          ITEM_M11-040,D200,10/1/2024,454,-0.303289237
          ITEM_M11-040,D200,9/1/2024,350,-0.823404161
          ITEM_M11-040,D200,8/1/2024,340,-0.873415211
          ITEM_M11-040,D200,7/1/2024,508,-0.033229565
          ITEM_M11-040,D200,6/1/2024,442,-0.363302497
          ITEM_M11-040,D200,5/1/2024,484,-0.153256085
          ITEM_M11-040,D200,4/1/2024,535,0.101800271
          ITEM_M11-040,D200,3/1/2024,466,-0.243275976
          ITEM_M11-040,D200,2/1/2024,473,-0.208268241
          ITEM_M11-040,D200,1/1/2024,603,0.441875414
          ITEM_M11-040,D200,12/1/2023,580,0.326849998
          ITEM_M11-040,D200,11/1/2023,469,-0.228272661
          ITEM_M11-040,D200,10/1/2023,473,-0.208268241
          ITEM_M11-040,D200,9/1/2023,548,0.166814637
          ITEM_M11-040,D200,8/1/2023,552,0.186819057
          ITEM_M11-040,D200,7/1/2023,448,-0.333295867
          ITEM_M11-040,D200,6/1/2023,519,0.021782591
          ITEM_M11-040,D200,5/1/2023,471,-0.218270451
          ITEM_M11-040,D200,4/1/2023,365,-0.748387585
          ITEM_M11-040,D200,3/1/2023,314,-1.003443942
          ITEM_M11-040,D200,2/1/2023,208,-1.533561076
          ITEM_M11-040,D200,1/1/2023,496,-0.093242825
          ITEM_M11-040,D200,12/1/2022,1302,3.937647836
          ITEM_M11-040,D200,11/1/2022,609,0.471882044
          ITEM_M11-040,D200,10/1/2022,594,0.396865469
          ITEM_M11-040,D200,9/1/2022,805,1.452098632
          ITEM_M11-040,D200,8/1/2022,991,2.382304169
          ITEM_M11-040,D200,7/1/2022,831,1.582127363
          ITEM_M11-040,D200,6/1/2022,687,0.861968237
          ITEM_M11-040,D200,5/1/2022,720,1.027004703
          ITEM_M11-040,D200,4/1/2022,544,0.146810217
          ITEM_M11-040,D200,3/1/2022,711,0.981994758
          ITEM_M11-040,D200,2/1/2022,529,0.071793641
          ITEM_M11-040,D200,1/1/2022,652,0.686929561
          ITEM_M11-043,D300,9/1/2025,99,-0.203745788
          ITEM_M11-043,D300,8/1/2025,66,-0.708858467
          ITEM_M11-043,D300,7/1/2025,70,-0.647632688
          ITEM_M11-043,D300,6/1/2025,61,-0.785390691
          ITEM_M11-043,D300,5/1/2025,61,-0.785390691
          ITEM_M11-043,D300,4/1/2025,76,-0.555794019
          ITEM_M11-043,D300,3/1/2025,90,-0.341503791
          ITEM_M11-043,D300,2/1/2025,51,-0.938455139
          ITEM_M11-043,D300,1/1/2025,65,-0.724164912
          ITEM_M11-043,D300,12/1/2024,76,-0.555794019
          ITEM_M11-043,D300,11/1/2024,51,-0.938455139
          ITEM_M11-043,D300,10/1/2024,96,-0.249665122
          ITEM_M11-043,D300,9/1/2024,121,0.132995998
          ITEM_M11-043,D300,8/1/2024,50,-0.953761584
          ITEM_M11-043,D300,7/1/2024,96,-0.249665122
          ITEM_M11-043,D300,6/1/2024,59,-0.816003581
          ITEM_M11-043,D300,5/1/2024,139,0.408512005
          ITEM_M11-043,D300,4/1/2024,96,-0.249665122
          ITEM_M11-043,D300,3/1/2024,99,-0.203745788
          ITEM_M11-043,D300,2/1/2024,53,-0.90784225
          ITEM_M11-043,D300,1/1/2024,87,-0.387423126
          ITEM_M11-043,D300,12/1/2023,90,-0.341503791
          ITEM_M11-043,D300,11/1/2023,98,-0.219052233
          ITEM_M11-043,D300,10/1/2023,151,0.592189343
          ITEM_M11-043,D300,9/1/2023,250,2.107527381
          ITEM_M11-043,D300,8/1/2023,202,1.372818029
          ITEM_M11-043,D300,7/1/2023,177,0.990156909
          ITEM_M11-043,D300,6/1/2023,110,-0.035374895
          ITEM_M11-043,D300,5/1/2023,142,0.45443134
          ITEM_M11-043,D300,4/1/2023,59,-0.816003581
          ITEM_M11-043,D300,3/1/2023,147,0.530963564
          ITEM_M11-043,D300,2/1/2023,99,-0.203745788
          ITEM_M11-043,D300,1/1/2023,58,-0.831310026
          ITEM_M11-043,D300,12/1/2022,116,0.056463774
          ITEM_M11-043,D300,11/1/2022,185,1.112608467
          ITEM_M11-043,D300,10/1/2022,145,0.500350674
          ITEM_M11-043,D300,9/1/2022,399,4.38818766
          ITEM_M11-043,D300,8/1/2022,178,1.005463353
          ITEM_M11-043,D300,7/1/2022,135,0.347286226
          ITEM_M11-043,D300,6/1/2022,83,-0.448648905
          ITEM_M11-043,D300,5/1/2022,82,-0.46395535
          ITEM_M11-043,D300,4/1/2022,126,0.209528223
          ITEM_M11-043,D300,3/1/2022,221,1.663640481
          ITEM_M11-043,D300,2/1/2022,87,-0.387423126
          ITEM_M11-043,D300,1/1/2022,52,-0.923148695
          ITEM_M11-050,D200,9/1/2025,229,1.90869223
          ITEM_M11-050,D200,8/1/2025,225,1.864102405
          ITEM_M11-050,D200,7/1/2025,221,1.81951258
          ITEM_M11-050,D200,6/1/2025,194,1.518531261
          ITEM_M11-050,D200,5/1/2025,207,1.663448192
          ITEM_M11-050,D200,4/1/2025,180,1.362466874
          ITEM_M11-050,D200,3/1/2025,261,2.26541083
          ITEM_M11-050,D200,2/1/2025,172,1.273287224
          ITEM_M11-050,D200,1/1/2025,155,1.083780468
          ITEM_M11-050,D200,12/1/2024,147,0.994600818
          ITEM_M11-050,D200,11/1/2024,10,-0.532600687
          ITEM_M11-050,D200,10/1/2024,78,0.225426337
          ITEM_M11-050,D200,9/1/2024,196,1.540826174
          ITEM_M11-050,D200,8/1/2024,204,1.630005824
          ITEM_M11-050,D200,7/1/2024,99,0.459522918
          ITEM_M11-050,D200,6/1/2024,1,-0.632927793
          ITEM_M11-050,D200,5/1/2024,9,-0.543748143
          ITEM_M11-050,D200,4/1/2024,2,-0.621780337
          ITEM_M11-050,D200,3/1/2024,0,-0.64407525
          ITEM_M11-050,D200,2/1/2024,0,-0.64407525
          ITEM_M11-050,D200,1/1/2024,2,-0.621780337
          ITEM_M11-050,D200,12/1/2023,0,-0.64407525
          ITEM_M11-050,D200,11/1/2023,0,-0.64407525
          ITEM_M11-050,D200,10/1/2023,0,-0.64407525
          ITEM_M11-050,D200,9/1/2023,0,-0.64407525
          ITEM_M11-050,D200,8/1/2023,0,-0.64407525
          ITEM_M11-050,D200,7/1/2023,8,-0.5548956
          ITEM_M11-050,D200,6/1/2023,0,-0.64407525
          ITEM_M11-050,D200,5/1/2023,0,-0.64407525
          ITEM_M11-050,D200,4/1/2023,0,-0.64407525
          ITEM_M11-050,D200,3/1/2023,0,-0.64407525
          ITEM_M11-050,D200,2/1/2023,0,-0.64407525
          ITEM_M11-050,D200,1/1/2023,0,-0.64407525
          ITEM_M11-050,D200,12/1/2022,0,-0.64407525
          ITEM_M11-050,D200,11/1/2022,0,-0.64407525
          ITEM_M11-050,D200,10/1/2022,0,-0.64407525
          ITEM_M11-050,D200,9/1/2022,0,-0.64407525
          ITEM_M11-050,D200,8/1/2022,0,-0.64407525
          ITEM_M11-050,D200,7/1/2022,0,-0.64407525
          ITEM_M11-050,D200,6/1/2022,0,-0.64407525
          ITEM_M11-050,D200,5/1/2022,0,-0.64407525
          ITEM_M11-050,D200,4/1/2022,0,-0.64407525
          ITEM_M11-050,D200,3/1/2022,0,-0.64407525
          ITEM_M11-050,D200,2/1/2022,0,-0.64407525
          ITEM_M11-050,D200,1/1/2022,0,-0.64407525
          ITEM_M11-053,D300,9/1/2025,101,2.819576811
          ITEM_M11-053,D300,8/1/2025,43,0.845040863
          ITEM_M11-053,D300,7/1/2025,46,0.947172033
          ITEM_M11-053,D300,6/1/2025,90,2.445095855
          ITEM_M11-053,D300,5/1/2025,61,1.457827881
          ITEM_M11-053,D300,4/1/2025,44,0.879084587
          ITEM_M11-053,D300,3/1/2025,71,1.798265114
          ITEM_M11-053,D300,2/1/2025,68,1.696133944
          ITEM_M11-053,D300,1/1/2025,46,0.947172033
          ITEM_M11-053,D300,12/1/2024,38,0.674822247
          ITEM_M11-053,D300,11/1/2024,5,-0.448620619
          ITEM_M11-053,D300,10/1/2024,63,1.525915328
          ITEM_M11-053,D300,9/1/2024,21,0.096078952
          ITEM_M11-053,D300,8/1/2024,65,1.594002774
          ITEM_M11-053,D300,7/1/2024,55,1.253565542
          ITEM_M11-053,D300,6/1/2024,0,-0.618839236
          ITEM_M11-053,D300,5/1/2024,0,-0.618839236
          ITEM_M11-053,D300,4/1/2024,1,-0.584795512
          ITEM_M11-053,D300,3/1/2024,0,-0.618839236
          ITEM_M11-053,D300,2/1/2024,0,-0.618839236
          ITEM_M11-053,D300,1/1/2024,0,-0.618839236
          ITEM_M11-053,D300,12/1/2023,0,-0.618839236
          ITEM_M11-053,D300,11/1/2023,0,-0.618839236
          ITEM_M11-053,D300,10/1/2023,0,-0.618839236
          ITEM_M11-053,D300,9/1/2023,0,-0.618839236
          ITEM_M11-053,D300,8/1/2023,0,-0.618839236
          ITEM_M11-053,D300,7/1/2023,0,-0.618839236
          ITEM_M11-053,D300,6/1/2023,0,-0.618839236
          ITEM_M11-053,D300,5/1/2023,0,-0.618839236
          ITEM_M11-053,D300,4/1/2023,0,-0.618839236
          ITEM_M11-053,D300,3/1/2023,0,-0.618839236
          ITEM_M11-053,D300,2/1/2023,0,-0.618839236
          ITEM_M11-053,D300,1/1/2023,0,-0.618839236
          ITEM_M11-053,D300,12/1/2022,0,-0.618839236
          ITEM_M11-053,D300,11/1/2022,0,-0.618839236
          ITEM_M11-053,D300,10/1/2022,0,-0.618839236
          ITEM_M11-053,D300,9/1/2022,0,-0.618839236
          ITEM_M11-053,D300,8/1/2022,0,-0.618839236
          ITEM_M11-053,D300,7/1/2022,0,-0.618839236
          ITEM_M11-053,D300,6/1/2022,0,-0.618839236
          ITEM_M11-053,D300,5/1/2022,0,-0.618839236
          ITEM_M11-053,D300,4/1/2022,0,-0.618839236
          ITEM_M11-053,D300,3/1/2022,0,-0.618839236
          ITEM_M11-053,D300,2/1/2022,0,-0.618839236
          ITEM_M11-053,D300,1/1/2022,0,-0.618839236
          ITEM_M9-040,D200,9/1/2025,21,-1.168906688
          ITEM_M9-040,D200,8/1/2025,36,-0.577886452
          ITEM_M9-040,D200,7/1/2025,42,-0.341478358
          ITEM_M9-040,D200,6/1/2025,24,-1.05070264
          ITEM_M9-040,D200,5/1/2025,24,-1.05070264
          ITEM_M9-040,D200,4/1/2025,30,-0.814294546
          ITEM_M9-040,D200,3/1/2025,24,-1.05070264
          ITEM_M9-040,D200,2/1/2025,32,-0.735491848
          ITEM_M9-040,D200,1/1/2025,48,-0.105070264
          ITEM_M9-040,D200,12/1/2024,51,0.013133783
          ITEM_M9-040,D200,11/1/2024,45,-0.223274311
          ITEM_M9-040,D200,10/1/2024,33,-0.696090499
          ITEM_M9-040,D200,9/1/2024,40,-0.420281056
          ITEM_M9-040,D200,8/1/2024,29,-0.853695895
          ITEM_M9-040,D200,7/1/2024,60,0.367745924
          ITEM_M9-040,D200,6/1/2024,49,-0.065668915
          ITEM_M9-040,D200,5/1/2024,43,-0.302077009
          ITEM_M9-040,D200,4/1/2024,69,0.722358065
          ITEM_M9-040,D200,3/1/2024,46,-0.183872962
          ITEM_M9-040,D200,2/1/2024,40,-0.420281056
          ITEM_M9-040,D200,1/1/2024,46,-0.183872962
          ITEM_M9-040,D200,12/1/2023,62,0.446548622
          ITEM_M9-040,D200,11/1/2023,59,0.328344575
          ITEM_M9-040,D200,10/1/2023,41,-0.380879707
          ITEM_M9-040,D200,9/1/2023,33,-0.696090499
          ITEM_M9-040,D200,8/1/2023,70,0.761759414
          ITEM_M9-040,D200,7/1/2023,36,-0.577886452
          ITEM_M9-040,D200,6/1/2023,37,-0.538485103
          ITEM_M9-040,D200,5/1/2023,57,0.249541877
          ITEM_M9-040,D200,4/1/2023,38,-0.499083754
          ITEM_M9-040,D200,3/1/2023,57,0.249541877
          ITEM_M9-040,D200,2/1/2023,47,-0.144471613
          ITEM_M9-040,D200,1/1/2023,22,-1.129505339
          ITEM_M9-040,D200,12/1/2022,63,0.485949971
          ITEM_M9-040,D200,11/1/2022,78,1.076970206
          ITEM_M9-040,D200,10/1/2022,110,2.337813375
          ITEM_M9-040,D200,9/1/2022,45,-0.223274311
          ITEM_M9-040,D200,8/1/2022,67,0.643555367
          ITEM_M9-040,D200,7/1/2022,159,4.268479477
          ITEM_M9-040,D200,6/1/2022,62,0.446548622
          ITEM_M9-040,D200,5/1/2022,51,0.013133783
          ITEM_M9-040,D200,4/1/2022,36,-0.577886452
          ITEM_M9-040,D200,3/1/2022,109,2.298412026
          ITEM_M9-040,D200,2/1/2022,55,0.170739179
          ITEM_M9-040,D200,1/1/2022,54,0.13133783
          ITEM_M9-043,D300,9/1/2025,17,0.928824026
          ITEM_M9-043,D300,8/1/2025,4,-0.763892657
          ITEM_M9-043,D300,7/1/2025,7,-0.37326573
          ITEM_M9-043,D300,6/1/2025,4,-0.763892657
          ITEM_M9-043,D300,5/1/2025,5,-0.633683681
          ITEM_M9-043,D300,4/1/2025,3,-0.894101632
          ITEM_M9-043,D300,3/1/2025,1,-1.154519583
          ITEM_M9-043,D300,2/1/2025,3,-0.894101632
          ITEM_M9-043,D300,1/1/2025,1,-1.154519583
          ITEM_M9-043,D300,12/1/2024,5,-0.633683681
          ITEM_M9-043,D300,11/1/2024,3,-0.894101632
          ITEM_M9-043,D300,10/1/2024,15,0.668406074
          ITEM_M9-043,D300,9/1/2024,6,-0.503474705
          ITEM_M9-043,D300,8/1/2024,3,-0.894101632
          ITEM_M9-043,D300,7/1/2024,4,-0.763892657
          ITEM_M9-043,D300,6/1/2024,12,0.277779148
          ITEM_M9-043,D300,5/1/2024,20,1.319450952
          ITEM_M9-043,D300,4/1/2024,10,0.017361197
          ITEM_M9-043,D300,3/1/2024,17,0.928824026
          ITEM_M9-043,D300,2/1/2024,6,-0.503474705
          ITEM_M9-043,D300,1/1/2024,13,0.407988123
          ITEM_M9-043,D300,12/1/2023,5,-0.633683681
          ITEM_M9-043,D300,11/1/2023,21,1.449659928
          ITEM_M9-043,D300,10/1/2023,33,3.012167634
          ITEM_M9-043,D300,9/1/2023,3,-0.894101632
          ITEM_M9-043,D300,8/1/2023,22,1.579868903
          ITEM_M9-043,D300,7/1/2023,10,0.017361197
          ITEM_M9-043,D300,6/1/2023,11,0.147570172
          ITEM_M9-043,D300,5/1/2023,7,-0.37326573
          ITEM_M9-043,D300,4/1/2023,9,-0.112847779
          ITEM_M9-043,D300,3/1/2023,16,0.79861505
          ITEM_M9-043,D300,2/1/2023,13,0.407988123
          ITEM_M9-043,D300,1/1/2023,13,0.407988123
          ITEM_M9-043,D300,12/1/2022,6,-0.503474705
          ITEM_M9-043,D300,11/1/2022,18,1.059033001
          ITEM_M9-043,D300,10/1/2022,28,2.361122757
          ITEM_M9-043,D300,9/1/2022,25,1.97049583
          ITEM_M9-043,D300,8/1/2022,6,-0.503474705
          ITEM_M9-043,D300,7/1/2022,0,-1.284728559
          ITEM_M9-043,D300,6/1/2022,10,0.017361197
          ITEM_M9-043,D300,5/1/2022,7,-0.37326573
          ITEM_M9-043,D300,4/1/2022,10,0.017361197
          ITEM_M9-043,D300,3/1/2022,6,-0.503474705
          ITEM_M9-043,D300,2/1/2022,4,-0.763892657
          ITEM_M9-043,D300,1/1/2022,2,-1.024310608
          ITEM_M9-050,D200,9/1/2025,25,2.727700931
          ITEM_M9-050,D200,8/1/2025,13,1.116148959
          ITEM_M9-050,D200,7/1/2025,20,2.056220942
          ITEM_M9-050,D200,6/1/2025,12,0.981852961
          ITEM_M9-050,D200,5/1/2025,13,1.116148959
          ITEM_M9-050,D200,4/1/2025,14,1.250444956
          ITEM_M9-050,D200,3/1/2025,17,1.653332949
          ITEM_M9-050,D200,2/1/2025,15,1.384740954
          ITEM_M9-050,D200,1/1/2025,8,0.44466897
          ITEM_M9-050,D200,12/1/2024,2,-0.361107016
          ITEM_M9-050,D200,11/1/2024,-1,-0.763995009
          ITEM_M9-050,D200,10/1/2024,7,0.310372972
          ITEM_M9-050,D200,9/1/2024,12,0.981852961
          ITEM_M9-050,D200,8/1/2024,18,1.787628947
          ITEM_M9-050,D200,7/1/2024,20,2.056220942
          ITEM_M9-050,D200,6/1/2024,0,-0.629699011
          ITEM_M9-050,D200,5/1/2024,0,-0.629699011
          ITEM_M9-050,D200,4/1/2024,0,-0.629699011
          ITEM_M9-050,D200,3/1/2024,0,-0.629699011
          ITEM_M9-050,D200,2/1/2024,0,-0.629699011
          ITEM_M9-050,D200,1/1/2024,1,-0.495403014
          ITEM_M9-050,D200,12/1/2023,0,-0.629699011
          ITEM_M9-050,D200,11/1/2023,0,-0.629699011
          ITEM_M9-050,D200,10/1/2023,0,-0.629699011
          ITEM_M9-050,D200,9/1/2023,0,-0.629699011
          ITEM_M9-050,D200,8/1/2023,0,-0.629699011
          ITEM_M9-050,D200,7/1/2023,15,1.384740954
          ITEM_M9-050,D200,6/1/2023,0,-0.629699011
          ITEM_M9-050,D200,5/1/2023,0,-0.629699011
          ITEM_M9-050,D200,4/1/2023,0,-0.629699011
          ITEM_M9-050,D200,3/1/2023,0,-0.629699011
          ITEM_M9-050,D200,2/1/2023,0,-0.629699011
          ITEM_M9-050,D200,1/1/2023,0,-0.629699011
          ITEM_M9-050,D200,12/1/2022,0,-0.629699011
          ITEM_M9-050,D200,11/1/2022,0,-0.629699011
          ITEM_M9-050,D200,10/1/2022,0,-0.629699011
          ITEM_M9-050,D200,9/1/2022,0,-0.629699011
          ITEM_M9-050,D200,8/1/2022,0,-0.629699011
          ITEM_M9-050,D200,7/1/2022,0,-0.629699011
          ITEM_M9-050,D200,6/1/2022,0,-0.629699011
          ITEM_M9-050,D200,5/1/2022,0,-0.629699011
          ITEM_M9-050,D200,4/1/2022,0,-0.629699011
          ITEM_M9-050,D200,3/1/2022,0,-0.629699011
          ITEM_M9-050,D200,2/1/2022,0,-0.629699011
          ITEM_M9-050,D200,1/1/2022,0,-0.629699011
          ITEM_M9-053,D300,9/1/2025,4,1.181299816
          ITEM_M9-053,D300,8/1/2025,1,-0.084378558
          ITEM_M9-053,D300,7/1/2025,6,2.025085399
          ITEM_M9-053,D300,6/1/2025,4,1.181299816
          ITEM_M9-053,D300,5/1/2025,2,0.337514233
          ITEM_M9-053,D300,4/1/2025,1,-0.084378558
          ITEM_M9-053,D300,3/1/2025,0,-0.50627135
          ITEM_M9-053,D300,2/1/2025,3,0.759407025
          ITEM_M9-053,D300,1/1/2025,2,0.337514233
          ITEM_M9-053,D300,12/1/2024,6,2.025085399
          ITEM_M9-053,D300,11/1/2024,0,-0.50627135
          ITEM_M9-053,D300,10/1/2024,10,3.712656565
          ITEM_M9-053,D300,9/1/2024,3,0.759407025
          ITEM_M9-053,D300,8/1/2024,4,1.181299816
          ITEM_M9-053,D300,7/1/2024,8,2.868870982
          ITEM_M9-053,D300,6/1/2024,0,-0.50627135
          ITEM_M9-053,D300,5/1/2024,0,-0.50627135
          ITEM_M9-053,D300,4/1/2024,0,-0.50627135
          ITEM_M9-053,D300,3/1/2024,0,-0.50627135
          ITEM_M9-053,D300,2/1/2024,0,-0.50627135
          ITEM_M9-053,D300,1/1/2024,0,-0.50627135
          ITEM_M9-053,D300,12/1/2023,0,-0.50627135
          ITEM_M9-053,D300,11/1/2023,0,-0.50627135
          ITEM_M9-053,D300,10/1/2023,0,-0.50627135
          ITEM_M9-053,D300,9/1/2023,0,-0.50627135
          ITEM_M9-053,D300,8/1/2023,0,-0.50627135
          ITEM_M9-053,D300,7/1/2023,0,-0.50627135
          ITEM_M9-053,D300,6/1/2023,0,-0.50627135
          ITEM_M9-053,D300,5/1/2023,0,-0.50627135
          ITEM_M9-053,D300,4/1/2023,0,-0.50627135
          ITEM_M9-053,D300,3/1/2023,0,-0.50627135
          ITEM_M9-053,D300,2/1/2023,0,-0.50627135
          ITEM_M9-053,D300,1/1/2023,0,-0.50627135
          ITEM_M9-053,D300,12/1/2022,0,-0.50627135
          ITEM_M9-053,D300,11/1/2022,0,-0.50627135
          ITEM_M9-053,D300,10/1/2022,0,-0.50627135
          ITEM_M9-053,D300,9/1/2022,0,-0.50627135
          ITEM_M9-053,D300,8/1/2022,0,-0.50627135
          ITEM_M9-053,D300,7/1/2022,0,-0.50627135
          ITEM_M9-053,D300,6/1/2022,0,-0.50627135
          ITEM_M9-053,D300,5/1/2022,0,-0.50627135
          ITEM_M9-053,D300,4/1/2022,0,-0.50627135
          ITEM_M9-053,D300,3/1/2022,0,-0.50627135
          ITEM_M9-053,D300,2/1/2022,0,-0.50627135
          ITEM_M9-053,D300,1/1/2022,0,-0.50627135
          Prod_224,D100,9/1/2025,1006,0.935229862
          Prod_224,D100,8/1/2025,709,-0.78147761
          Prod_224,D100,7/1/2025,908,0.368774198
          Prod_224,D100,6/1/2025,864,0.114447165
          Prod_224,D100,5/1/2025,904,0.345653558
          Prod_224,D100,4/1/2025,666,-1.030024483
          Prod_224,D100,3/1/2025,791,-0.307504503
          Prod_224,D100,2/1/2025,809,-0.203461626
          Prod_224,D100,1/1/2025,577,-1.544458709
          Prod_224,D100,12/1/2024,789,-0.319064823
          Prod_224,D100,11/1/2024,766,-0.452008499
          Prod_224,D100,10/1/2024,883,0.224270202
          Prod_224,D100,9/1/2024,721,-0.712115692
          Prod_224,D100,8/1/2024,914,0.403455157
          Prod_224,D100,7/1/2024,873,0.166468603
          Prod_224,D100,6/1/2024,681,-0.943322086
          Prod_224,D100,5/1/2024,842,-0.012716352
          Prod_224,D100,4/1/2024,830,-0.08207827
          Prod_224,D100,3/1/2024,792,-0.301724344
          Prod_224,D100,2/1/2024,707,-0.79303793
          Prod_224,D100,1/1/2024,690,-0.891300647
          Prod_224,D100,12/1/2023,848,0.021964607
          Prod_224,D100,11/1/2023,857,0.073986046
          Prod_224,D100,10/1/2023,637,-1.197649119
          Prod_224,D100,9/1/2023,746,-0.567611696
          Prod_224,D100,8/1/2023,1467,3.599883548
          Prod_224,D100,7/1/2023,925,0.467036915
          Prod_224,D100,6/1/2023,846,0.010404288
          Prod_224,D100,5/1/2023,1011,0.964130661
          Prod_224,D100,4/1/2023,881,0.212709882
          Prod_224,D100,3/1/2023,1217,2.154843588
          Prod_224,D100,2/1/2023,782,-0.359525942
          Prod_224,D100,1/1/2023,788,-0.324844983
          Prod_224,D100,12/1/2022,1150,1.767572879
          Prod_224,D100,11/1/2022,600,-1.411515033
          Prod_224,D100,10/1/2022,845,0.004624128
          Prod_224,D100,9/1/2022,648,-1.134067361
          Prod_224,D100,8/1/2022,867,0.131787644
          Prod_224,D100,7/1/2022,892,0.27629164
          Prod_224,D100,6/1/2022,859,0.085546366
          Prod_224,D100,5/1/2022,738,-0.613852975
          Prod_224,D100,4/1/2022,1215,2.143283269
          Prod_224,D100,3/1/2022,834,-0.05895763
          Prod_224,D100,2/1/2022,1013,0.975690981
          Prod_224,D100,1/1/2022,601,-1.405734873
     Prod_204,D100,9/1/2025,1814,-0.893856848
     Prod_204,D100,8/1/2025,2001,-0.517069522
     Prod_204,D100,7/1/2025,2106,-0.305504447
     Prod_204,D100,6/1/2025,2258,0.000761187
     Prod_204,D100,5/1/2025,1775,-0.972438162
     Prod_204,D100,4/1/2025,1921,-0.678261961
     Prod_204,D100,3/1/2025,1987,-0.545278199
     Prod_204,D100,2/1/2025,1980,-0.559382538
     Prod_204,D100,1/1/2025,1450,-1.627282443
     Prod_204,D100,12/1/2024,1813,-0.895871753
     Prod_204,D100,11/1/2024,1754,-1.014751177
     Prod_204,D100,10/1/2024,2376,0.238520033
     Prod_204,D100,9/1/2024,2259,0.002776092
     Prod_204,D100,8/1/2024,2117,-0.283340487
     Prod_204,D100,7/1/2024,2575,0.639486224
     Prod_204,D100,6/1/2024,1512,-1.502358303
     Prod_204,D100,5/1/2024,2000,-0.519084428
     Prod_204,D100,4/1/2024,2183,-0.150356725
     Prod_204,D100,3/1/2024,1897,-0.726619693
     Prod_204,D100,2/1/2024,2084,-0.349832367
     Prod_204,D100,1/1/2024,1957,-0.605725364
     Prod_204,D100,12/1/2023,2082,-0.353862178
     Prod_204,D100,11/1/2023,1862,-0.797141385
     Prod_204,D100,10/1/2023,2160,-0.196699551
     Prod_204,D100,9/1/2023,1950,-0.619829702
     Prod_204,D100,8/1/2023,2100,-0.31759388
     Prod_204,D100,7/1/2023,2086,-0.345802556
     Prod_204,D100,6/1/2023,2575,0.639486224
     Prod_204,D100,5/1/2023,2150,-0.216848606
     Prod_204,D100,4/1/2023,2013,-0.492890657
     Prod_204,D100,3/1/2023,2472,0.43195096
     Prod_204,D100,2/1/2023,2765,1.022318266
     Prod_204,D100,1/1/2023,1312,-1.9053394
     Prod_204,D100,12/1/2022,3194,1.886712718
     Prod_204,D100,11/1/2022,3141,1.779922728
     Prod_204,D100,10/1/2022,2715,0.921572992
     Prod_204,D100,9/1/2022,2487,0.462174542
     Prod_204,D100,8/1/2022,3394,2.289693815
     Prod_204,D100,7/1/2022,2381,0.248594561
     Prod_204,D100,6/1/2022,2795,1.082765431
     Prod_204,D100,5/1/2022,3194,1.886712718
     Prod_204,D100,4/1/2022,2603,0.695903578
     Prod_204,D100,3/1/2022,3526,2.555661338
     Prod_204,D100,2/1/2022,2580,0.649560752
     Prod_204,D100,1/1/2022,2237,-0.041551829
     Prod_5725,D300,9/1/2025,5,1.74795198
     Prod_5725,D300,8/1/2025,0,-0.474020876
     Prod_5725,D300,7/1/2025,0,-0.474020876
     Prod_5725,D300,6/1/2025,0,-0.474020876
     Prod_5725,D300,5/1/2025,1,-0.029626305
     Prod_5725,D300,4/1/2025,1,-0.029626305
     Prod_5725,D300,3/1/2025,5,1.74795198
     Prod_5725,D300,2/1/2025,1,-0.029626305
     Prod_5725,D300,1/1/2025,0,-0.474020876
     Prod_5725,D300,12/1/2024,0,-0.474020876
     Prod_5725,D300,11/1/2024,0,-0.474020876
     Prod_5725,D300,10/1/2024,0,-0.474020876
     Prod_5725,D300,9/1/2024,0,-0.474020876
     Prod_5725,D300,8/1/2024,0,-0.474020876
     Prod_5725,D300,7/1/2024,3,0.859162838
     Prod_5725,D300,6/1/2024,0,-0.474020876
     Prod_5725,D300,5/1/2024,0,-0.474020876
     Prod_5725,D300,4/1/2024,0,-0.474020876
     Prod_5725,D300,3/1/2024,0,-0.474020876
     Prod_5725,D300,2/1/2024,2,0.414768267
     Prod_5725,D300,1/1/2024,0,-0.474020876
     Prod_5725,D300,12/1/2023,0,-0.474020876
     Prod_5725,D300,11/1/2023,0,-0.474020876
     Prod_5725,D300,10/1/2023,0,-0.474020876
     Prod_5725,D300,9/1/2023,0,-0.474020876
     Prod_5725,D300,8/1/2023,0,-0.474020876
     Prod_5725,D300,7/1/2023,2,0.414768267
     Prod_5725,D300,6/1/2023,0,-0.474020876
     Prod_5725,D300,5/1/2023,0,-0.474020876
     Prod_5725,D300,4/1/2023,12,4.85871398
     Prod_5725,D300,3/1/2023,3,0.859162838
     Prod_5725,D300,2/1/2023,0,-0.474020876
     Prod_5725,D300,1/1/2023,0,-0.474020876
     Prod_5725,D300,12/1/2022,0,-0.474020876
     Prod_5725,D300,11/1/2022,0,-0.474020876
     Prod_5725,D300,10/1/2022,2,0.414768267
     Prod_5725,D300,9/1/2022,0,-0.474020876
     Prod_5725,D300,8/1/2022,1,-0.029626305
     Prod_5725,D300,7/1/2022,0,-0.474020876
     Prod_5725,D300,6/1/2022,1,-0.029626305
     Prod_5725,D300,5/1/2022,6,2.192346552
     Prod_5725,D300,4/1/2022,0,-0.474020876
     Prod_5725,D300,3/1/2022,0,-0.474020876
     Prod_5725,D300,2/1/2022,0,-0.474020876
     Prod_5725,D300,1/1/2022,3,0.859162838
     Prod_5726,D300,9/1/2025,20,-0.372879124
     Prod_5726,D300,8/1/2025,13,-1.460443237
     Prod_5726,D300,7/1/2025,22,-0.062146521
     Prod_5726,D300,6/1/2025,19,-0.528245426
     Prod_5726,D300,5/1/2025,23,0.093219781
     Prod_5726,D300,4/1/2025,15,-1.149710633
     Prod_5726,D300,3/1/2025,35,1.957615403
     Prod_5726,D300,2/1/2025,13,-1.460443237
     Prod_5726,D300,1/1/2025,21,-0.217512823
     Prod_5726,D300,12/1/2024,23,0.093219781
     Prod_5726,D300,11/1/2024,20,-0.372879124
     Prod_5726,D300,10/1/2024,12,-1.615809539
     Prod_5726,D300,9/1/2024,25,0.403952385
     Prod_5726,D300,8/1/2024,15,-1.149710633
     Prod_5726,D300,7/1/2024,25,0.403952385
     Prod_5726,D300,6/1/2024,17,-0.83897803
     Prod_5726,D300,5/1/2024,22,-0.062146521
     Prod_5726,D300,4/1/2024,26,0.559318686
     Prod_5726,D300,3/1/2024,21,-0.217512823
     Prod_5726,D300,2/1/2024,18,-0.683611728
     Prod_5726,D300,1/1/2024,22,-0.062146521
     Prod_5726,D300,12/1/2023,18,-0.683611728
     Prod_5726,D300,11/1/2023,16,-0.994344331
     Prod_5726,D300,10/1/2023,35,1.957615403
     Prod_5726,D300,9/1/2023,35,1.957615403
     Prod_5726,D300,8/1/2023,24,0.248586083
     Prod_5726,D300,7/1/2023,22,-0.062146521
     Prod_5726,D300,6/1/2023,27,0.714684988
     Prod_5726,D300,5/1/2023,20,-0.372879124
     Prod_5726,D300,4/1/2023,19,-0.528245426
     Prod_5726,D300,3/1/2023,35,1.957615403
     Prod_5726,D300,2/1/2023,25,0.403952385
     Prod_5726,D300,1/1/2023,17,-0.83897803
     Prod_5726,D300,12/1/2022,20,-0.372879124
     Prod_5726,D300,11/1/2022,24,0.248586083
     Prod_5726,D300,10/1/2022,28,0.87005129
     Prod_5726,D300,9/1/2022,18,-0.683611728
     Prod_5726,D300,8/1/2022,28,0.87005129
     Prod_5726,D300,7/1/2022,31,1.336150195
     Prod_5726,D300,6/1/2022,23,0.093219781
     Prod_5726,D300,5/1/2022,23,0.093219781
     Prod_5726,D300,4/1/2022,23,0.093219781
     Prod_5726,D300,3/1/2022,27,0.714684988
     Prod_5726,D300,2/1/2022,8,-2.237274746
     Prod_5726,D300,1/1/2022,35,1.957615403
     Prod_5750,D300,9/1/2025,1,-1.409429172
     Prod_5750,D300,8/1/2025,6,-0.099009487
     Prod_5750,D300,7/1/2025,5,-0.361093424
     Prod_5750,D300,6/1/2025,2,-1.147345235
     Prod_5750,D300,5/1/2025,7,0.16307445
     Prod_5750,D300,4/1/2025,6,-0.099009487
     Prod_5750,D300,3/1/2025,4,-0.623177361
     Prod_5750,D300,2/1/2025,3,-0.885261298
     Prod_5750,D300,1/1/2025,7,0.16307445
     Prod_5750,D300,12/1/2024,6,-0.099009487
     Prod_5750,D300,11/1/2024,7,0.16307445
     Prod_5750,D300,10/1/2024,4,-0.623177361
     Prod_5750,D300,9/1/2024,1,-1.409429172
     Prod_5750,D300,8/1/2024,5,-0.361093424
     Prod_5750,D300,7/1/2024,6,-0.099009487
     Prod_5750,D300,6/1/2024,12,1.473494134
     Prod_5750,D300,5/1/2024,5,-0.361093424
     Prod_5750,D300,4/1/2024,11,1.211410197
     Prod_5750,D300,3/1/2024,13,1.735578071
     Prod_5750,D300,2/1/2024,8,0.425158387
     Prod_5750,D300,1/1/2024,4,-0.623177361
     Prod_5750,D300,12/1/2023,9,0.687242324
     Prod_5750,D300,11/1/2023,6,-0.099009487
     Prod_5750,D300,10/1/2023,6,-0.099009487
     Prod_5750,D300,9/1/2023,9,0.687242324
     Prod_5750,D300,8/1/2023,13,1.735578071
     Prod_5750,D300,7/1/2023,15,2.259745945
     Prod_5750,D300,6/1/2023,4,-0.623177361
     Prod_5750,D300,5/1/2023,3,-0.885261298
     Prod_5750,D300,4/1/2023,5,-0.361093424
     Prod_5750,D300,3/1/2023,3,-0.885261298
     Prod_5750,D300,2/1/2023,12,1.473494134
     Prod_5750,D300,1/1/2023,3,-0.885261298
     Prod_5750,D300,12/1/2022,4,-0.623177361
     Prod_5750,D300,11/1/2022,3,-0.885261298
     Prod_5750,D300,10/1/2022,5,-0.361093424
     Prod_5750,D300,9/1/2022,5,-0.361093424
     Prod_5750,D300,8/1/2022,7,0.16307445
     Prod_5750,D300,7/1/2022,6,-0.099009487
     Prod_5750,D300,6/1/2022,3,-0.885261298
     Prod_5750,D300,5/1/2022,12,1.473494134
     Prod_5750,D300,4/1/2022,7,0.16307445
     Prod_5750,D300,3/1/2022,18,3.045997756
     Prod_5750,D300,2/1/2022,3,-0.885261298
     Prod_5750,D300,1/1/2022,3,-0.885261298
     Prod_5860,D300,9/1/2025,129,-0.275924507
     Prod_5860,D300,8/1/2025,162,0.780126765
     Prod_5860,D300,7/1/2025,193,1.772174929
     Prod_5860,D300,6/1/2025,180,1.356154731
     Prod_5860,D300,5/1/2025,160,0.716123657
     Prod_5860,D300,4/1/2025,165,0.876131426
     Prod_5860,D300,3/1/2025,171,1.068140748
     Prod_5860,D300,2/1/2025,138,0.012089476
     Prod_5860,D300,1/1/2025,118,-0.627941598
     Prod_5860,D300,12/1/2024,141,0.108094137
     Prod_5860,D300,11/1/2024,143,0.172097244
     Prod_5860,D300,10/1/2024,184,1.484160946
     Prod_5860,D300,9/1/2024,141,0.108094137
     Prod_5860,D300,8/1/2024,151,0.428109674
     Prod_5860,D300,7/1/2024,176,1.228148516
     Prod_5860,D300,6/1/2024,112,-0.81995092
     Prod_5860,D300,5/1/2024,158,0.65212055
     Prod_5860,D300,4/1/2024,158,0.65212055
     Prod_5860,D300,3/1/2024,151,0.428109674
     Prod_5860,D300,2/1/2024,152,0.460111228
     Prod_5860,D300,1/1/2024,99,-1.235971118
     Prod_5860,D300,12/1/2023,158,0.65212055
     Prod_5860,D300,11/1/2023,121,-0.531936937
     Prod_5860,D300,10/1/2023,89,-1.555986655
     Prod_5860,D300,9/1/2023,117,-0.659943152
     Prod_5860,D300,8/1/2023,159,0.684122103
     Prod_5860,D300,7/1/2023,139,0.04409103
     Prod_5860,D300,6/1/2023,129,-0.275924507
     Prod_5860,D300,5/1/2023,159,0.684122103
     Prod_5860,D300,4/1/2023,104,-1.07596335
     Prod_5860,D300,3/1/2023,154,0.524114335
     Prod_5860,D300,2/1/2023,88,-1.587988209
     Prod_5860,D300,1/1/2023,49,-2.836048803
     Prod_5860,D300,12/1/2022,124,-0.435932276
     Prod_5860,D300,11/1/2022,115,-0.723946259
     Prod_5860,D300,10/1/2022,192,1.740173375
     Prod_5860,D300,9/1/2022,83,-1.747995977
     Prod_5860,D300,8/1/2022,177,1.26015007
     Prod_5860,D300,7/1/2022,130,-0.243922954
     Prod_5860,D300,6/1/2022,115,-0.723946259
     Prod_5860,D300,5/1/2022,133,-0.147918293
     Prod_5860,D300,4/1/2022,139,0.04409103
     Prod_5860,D300,3/1/2022,125,-0.403930722
     Prod_5860,D300,2/1/2022,119,-0.595940044
     Prod_5860,D300,1/1/2022,93,-1.427980441
     Prod_7231,D300,9/1/2025,84,3.584851294
     Prod_7231,D300,8/1/2025,39,1.468430341
     Prod_7231,D300,7/1/2025,65,2.691251336
     Prod_7231,D300,6/1/2025,72,3.020472373
     Prod_7231,D300,5/1/2025,62,2.550156606
     Prod_7231,D300,4/1/2025,28,0.951082996
     Prod_7231,D300,3/1/2025,0,-0.365801152
     Prod_7231,D300,2/1/2025,0,-0.365801152
     Prod_7231,D300,1/1/2025,0,-0.365801152
     Prod_7231,D300,12/1/2024,0,-0.365801152
     Prod_7231,D300,11/1/2024,0,-0.365801152
     Prod_7231,D300,10/1/2024,0,-0.365801152
     Prod_7231,D300,9/1/2024,0,-0.365801152
     Prod_7231,D300,8/1/2024,0,-0.365801152
     Prod_7231,D300,7/1/2024,0,-0.365801152
     Prod_7231,D300,6/1/2024,0,-0.365801152
     Prod_7231,D300,5/1/2024,0,-0.365801152
     Prod_7231,D300,4/1/2024,0,-0.365801152
     Prod_7231,D300,3/1/2024,0,-0.365801152
     Prod_7231,D300,2/1/2024,0,-0.365801152
     Prod_7231,D300,1/1/2024,0,-0.365801152
     Prod_7231,D300,12/1/2023,0,-0.365801152
     Prod_7231,D300,11/1/2023,0,-0.365801152
     Prod_7231,D300,10/1/2023,0,-0.365801152
     Prod_7231,D300,9/1/2023,0,-0.365801152
     Prod_7231,D300,8/1/2023,0,-0.365801152
     Prod_7231,D300,7/1/2023,0,-0.365801152
     Prod_7231,D300,6/1/2023,0,-0.365801152
     Prod_7231,D300,5/1/2023,0,-0.365801152
     Prod_7231,D300,4/1/2023,0,-0.365801152
     Prod_7231,D300,3/1/2023,0,-0.365801152
     Prod_7231,D300,2/1/2023,0,-0.365801152
     Prod_7231,D300,1/1/2023,0,-0.365801152
     Prod_7231,D300,12/1/2022,0,-0.365801152
     Prod_7231,D300,11/1/2022,0,-0.365801152
     Prod_7231,D300,10/1/2022,0,-0.365801152
     Prod_7231,D300,9/1/2022,0,-0.365801152
     Prod_7231,D300,8/1/2022,0,-0.365801152
     Prod_7231,D300,7/1/2022,0,-0.365801152
     Prod_7231,D300,6/1/2022,0,-0.365801152
     Prod_7231,D300,5/1/2022,0,-0.365801152
     Prod_7231,D300,4/1/2022,0,-0.365801152
     Prod_7231,D300,3/1/2022,0,-0.365801152
     Prod_7231,D300,2/1/2022,0,-0.365801152
     Prod_7231,D300,1/1/2022,0,-0.365801152
     Prod_7234,D300,9/1/2025,197,2.195420827
     Prod_7234,D300,8/1/2025,250,2.909756252
     Prod_7234,D300,7/1/2025,167,1.791080019
     Prod_7234,D300,6/1/2025,242,2.801932037
     Prod_7234,D300,5/1/2025,229,2.626717687
     Prod_7234,D300,4/1/2025,144,1.481085401
     Prod_7234,D300,3/1/2025,0,-0.459750473
     Prod_7234,D300,2/1/2025,0,-0.459750473
     Prod_7234,D300,1/1/2025,0,-0.459750473
     Prod_7234,D300,12/1/2024,1,-0.446272446
     Prod_7234,D300,11/1/2024,3,-0.419316393
     Prod_7234,D300,10/1/2024,147,1.521519481
     Prod_7234,D300,9/1/2024,79,0.605013652
     Prod_7234,D300,8/1/2024,76,0.564579571
     Prod_7234,D300,7/1/2024,0,-0.459750473
     Prod_7234,D300,6/1/2024,0,-0.459750473
     Prod_7234,D300,5/1/2024,0,-0.459750473
     Prod_7234,D300,4/1/2024,0,-0.459750473
     Prod_7234,D300,3/1/2024,0,-0.459750473
     Prod_7234,D300,2/1/2024,0,-0.459750473
     Prod_7234,D300,1/1/2024,0,-0.459750473
     Prod_7234,D300,12/1/2023,0,-0.459750473
     Prod_7234,D300,11/1/2023,0,-0.459750473
     Prod_7234,D300,10/1/2023,0,-0.459750473
     Prod_7234,D300,9/1/2023,0,-0.459750473
     Prod_7234,D300,8/1/2023,0,-0.459750473
     Prod_7234,D300,7/1/2023,0,-0.459750473
     Prod_7234,D300,6/1/2023,0,-0.459750473
     Prod_7234,D300,5/1/2023,0,-0.459750473
     Prod_7234,D300,4/1/2023,0,-0.459750473
     Prod_7234,D300,3/1/2023,0,-0.459750473
     Prod_7234,D300,2/1/2023,0,-0.459750473
     Prod_7234,D300,1/1/2023,0,-0.459750473
     Prod_7234,D300,12/1/2022,0,-0.459750473
     Prod_7234,D300,11/1/2022,0,-0.459750473
     Prod_7234,D300,10/1/2022,0,-0.459750473
     Prod_7234,D300,9/1/2022,0,-0.459750473
     Prod_7234,D300,8/1/2022,0,-0.459750473
     Prod_7234,D300,7/1/2022,0,-0.459750473
     Prod_7234,D300,6/1/2022,0,-0.459750473
     Prod_7234,D300,5/1/2022,0,-0.459750473
     Prod_7234,D300,4/1/2022,0,-0.459750473
     Prod_7234,D300,3/1/2022,0,-0.459750473
     Prod_7234,D300,2/1/2022,0,-0.459750473
     Prod_7234,D300,1/1/2022,0,-0.459750473
     Prod_7333,D300,9/1/2025,17,2.286748867
     Prod_7333,D300,8/1/2025,11,1.351260694
     Prod_7333,D300,7/1/2025,12,1.50717539
     Prod_7333,D300,6/1/2025,24,3.378151735
     Prod_7333,D300,5/1/2025,27,3.845895822
     Prod_7333,D300,4/1/2025,14,1.819004781
     Prod_7333,D300,3/1/2025,0,-0.363800956
     Prod_7333,D300,2/1/2025,0,-0.363800956
     Prod_7333,D300,1/1/2025,0,-0.363800956
     Prod_7333,D300,12/1/2024,0,-0.363800956
     Prod_7333,D300,11/1/2024,0,-0.363800956
     Prod_7333,D300,10/1/2024,0,-0.363800956
     Prod_7333,D300,9/1/2024,0,-0.363800956
     Prod_7333,D300,8/1/2024,0,-0.363800956
     Prod_7333,D300,7/1/2024,0,-0.363800956
     Prod_7333,D300,6/1/2024,0,-0.363800956
     Prod_7333,D300,5/1/2024,0,-0.363800956
     Prod_7333,D300,4/1/2024,0,-0.363800956
     Prod_7333,D300,3/1/2024,0,-0.363800956
     Prod_7333,D300,2/1/2024,0,-0.363800956
     Prod_7333,D300,1/1/2024,0,-0.363800956
     Prod_7333,D300,12/1/2023,0,-0.363800956
     Prod_7333,D300,11/1/2023,0,-0.363800956
     Prod_7333,D300,10/1/2023,0,-0.363800956
     Prod_7333,D300,9/1/2023,0,-0.363800956
     Prod_7333,D300,8/1/2023,0,-0.363800956
     Prod_7333,D300,7/1/2023,0,-0.363800956
     Prod_7333,D300,6/1/2023,0,-0.363800956
     Prod_7333,D300,5/1/2023,0,-0.363800956
     Prod_7333,D300,4/1/2023,0,-0.363800956
     Prod_7333,D300,3/1/2023,0,-0.363800956
     Prod_7333,D300,2/1/2023,0,-0.363800956
     Prod_7333,D300,1/1/2023,0,-0.363800956
     Prod_7333,D300,12/1/2022,0,-0.363800956
     Prod_7333,D300,11/1/2022,0,-0.363800956
     Prod_7333,D300,10/1/2022,0,-0.363800956
     Prod_7333,D300,9/1/2022,0,-0.363800956
     Prod_7333,D300,8/1/2022,0,-0.363800956
     Prod_7333,D300,7/1/2022,0,-0.363800956
     Prod_7333,D300,6/1/2022,0,-0.363800956
     Prod_7333,D300,5/1/2022,0,-0.363800956
     Prod_7333,D300,4/1/2022,0,-0.363800956
     Prod_7333,D300,3/1/2022,0,-0.363800956
     Prod_7333,D300,2/1/2022,0,-0.363800956
     Prod_7333,D300,1/1/2022,0,-0.363800956
     Prod_7335,D300,9/1/2025,27,1.976285731
     Prod_7335,D300,8/1/2025,31,2.325042036
     Prod_7335,D300,7/1/2025,37,2.848176495
     Prod_7335,D300,6/1/2025,37,2.848176495
     Prod_7335,D300,5/1/2025,42,3.284121877
     Prod_7335,D300,4/1/2025,21,1.453151273
     Prod_7335,D300,3/1/2025,0,-0.377819331
     Prod_7335,D300,2/1/2025,0,-0.377819331
     Prod_7335,D300,1/1/2025,0,-0.377819331
     Prod_7335,D300,12/1/2024,0,-0.377819331
     Prod_7335,D300,11/1/2024,0,-0.377819331
     Prod_7335,D300,10/1/2024,0,-0.377819331
     Prod_7335,D300,9/1/2024,0,-0.377819331
     Prod_7335,D300,8/1/2024,0,-0.377819331
     Prod_7335,D300,7/1/2024,0,-0.377819331
     Prod_7335,D300,6/1/2024,0,-0.377819331
     Prod_7335,D300,5/1/2024,0,-0.377819331
     Prod_7335,D300,4/1/2024,0,-0.377819331
     Prod_7335,D300,3/1/2024,0,-0.377819331
     Prod_7335,D300,2/1/2024,0,-0.377819331
     Prod_7335,D300,1/1/2024,0,-0.377819331
     Prod_7335,D300,12/1/2023,0,-0.377819331
     Prod_7335,D300,11/1/2023,0,-0.377819331
     Prod_7335,D300,10/1/2023,0,-0.377819331
     Prod_7335,D300,9/1/2023,0,-0.377819331
     Prod_7335,D300,8/1/2023,0,-0.377819331
     Prod_7335,D300,7/1/2023,0,-0.377819331
     Prod_7335,D300,6/1/2023,0,-0.377819331
     Prod_7335,D300,5/1/2023,0,-0.377819331
     Prod_7335,D300,4/1/2023,0,-0.377819331
     Prod_7335,D300,3/1/2023,0,-0.377819331
     Prod_7335,D300,2/1/2023,0,-0.377819331
     Prod_7335,D300,1/1/2023,0,-0.377819331
     Prod_7335,D300,12/1/2022,0,-0.377819331
     Prod_7335,D300,11/1/2022,0,-0.377819331
     Prod_7335,D300,10/1/2022,0,-0.377819331
     Prod_7335,D300,9/1/2022,0,-0.377819331
     Prod_7335,D300,8/1/2022,0,-0.377819331
     Prod_7335,D300,7/1/2022,0,-0.377819331
     Prod_7335,D300,6/1/2022,0,-0.377819331
     Prod_7335,D300,5/1/2022,0,-0.377819331
     Prod_7335,D300,4/1/2022,0,-0.377819331
     Prod_7335,D300,3/1/2022,0,-0.377819331
     Prod_7335,D300,2/1/2022,0,-0.377819331
     Prod_7335,D300,1/1/2022,0,-0.377819331
     Prod_7336,D300,9/1/2025,111,2.544726997
     Prod_7336,D300,8/1/2025,107,2.439185324
     Prod_7336,D300,7/1/2025,127,2.966893688
     Prod_7336,D300,6/1/2025,124,2.887737433
     Prod_7336,D300,5/1/2025,102,2.307258233
     Prod_7336,D300,4/1/2025,84,1.832320706
     Prod_7336,D300,3/1/2025,0,-0.38405442
     Prod_7336,D300,2/1/2025,0,-0.38405442
     Prod_7336,D300,1/1/2025,0,-0.38405442
     Prod_7336,D300,12/1/2024,0,-0.38405442
     Prod_7336,D300,11/1/2024,0,-0.38405442
     Prod_7336,D300,10/1/2024,0,-0.38405442
     Prod_7336,D300,9/1/2024,0,-0.38405442
     Prod_7336,D300,8/1/2024,0,-0.38405442
     Prod_7336,D300,7/1/2024,0,-0.38405442
     Prod_7336,D300,6/1/2024,0,-0.38405442
     Prod_7336,D300,5/1/2024,0,-0.38405442
     Prod_7336,D300,4/1/2024,0,-0.38405442
     Prod_7336,D300,3/1/2024,0,-0.38405442
     Prod_7336,D300,2/1/2024,0,-0.38405442
     Prod_7336,D300,1/1/2024,0,-0.38405442
     Prod_7336,D300,12/1/2023,0,-0.38405442
     Prod_7336,D300,11/1/2023,0,-0.38405442
     Prod_7336,D300,10/1/2023,0,-0.38405442
     Prod_7336,D300,9/1/2023,0,-0.38405442
     Prod_7336,D300,8/1/2023,0,-0.38405442
     Prod_7336,D300,7/1/2023,0,-0.38405442
     Prod_7336,D300,6/1/2023,0,-0.38405442
     Prod_7336,D300,5/1/2023,0,-0.38405442
     Prod_7336,D300,4/1/2023,0,-0.38405442
     Prod_7336,D300,3/1/2023,0,-0.38405442
     Prod_7336,D300,2/1/2023,0,-0.38405442
     Prod_7336,D300,1/1/2023,0,-0.38405442
     Prod_7336,D300,12/1/2022,0,-0.38405442
     Prod_7336,D300,11/1/2022,0,-0.38405442
     Prod_7336,D300,10/1/2022,0,-0.38405442
     Prod_7336,D300,9/1/2022,0,-0.38405442
     Prod_7336,D300,8/1/2022,0,-0.38405442
     Prod_7336,D300,7/1/2022,0,-0.38405442
     Prod_7336,D300,6/1/2022,0,-0.38405442
     Prod_7336,D300,5/1/2022,0,-0.38405442
     Prod_7336,D300,4/1/2022,0,-0.38405442
     Prod_7336,D300,3/1/2022,0,-0.38405442
     Prod_7336,D300,2/1/2022,0,-0.38405442
     Prod_7336,D300,1/1/2022,0,-0.38405442
     Prod_7337,D300,9/1/2025,7,1.108794791
     Prod_7337,D300,8/1/2025,4,0.485097721
     Prod_7337,D300,7/1/2025,10,1.732491862
     Prod_7337,D300,6/1/2025,17,3.187785025
     Prod_7337,D300,5/1/2025,20,3.811482096
     Prod_7337,D300,4/1/2025,17,3.187785025
     Prod_7337,D300,3/1/2025,0,-0.346498372
     Prod_7337,D300,2/1/2025,0,-0.346498372
     Prod_7337,D300,1/1/2025,0,-0.346498372
     Prod_7337,D300,12/1/2024,0,-0.346498372
     Prod_7337,D300,11/1/2024,0,-0.346498372
     Prod_7337,D300,10/1/2024,0,-0.346498372
     Prod_7337,D300,9/1/2024,0,-0.346498372
     Prod_7337,D300,8/1/2024,0,-0.346498372
     Prod_7337,D300,7/1/2024,0,-0.346498372
     Prod_7337,D300,6/1/2024,0,-0.346498372
     Prod_7337,D300,5/1/2024,0,-0.346498372
     Prod_7337,D300,4/1/2024,0,-0.346498372
     Prod_7337,D300,3/1/2024,0,-0.346498372
     Prod_7337,D300,2/1/2024,0,-0.346498372
     Prod_7337,D300,1/1/2024,0,-0.346498372
     Prod_7337,D300,12/1/2023,0,-0.346498372
     Prod_7337,D300,11/1/2023,0,-0.346498372
     Prod_7337,D300,10/1/2023,0,-0.346498372
     Prod_7337,D300,9/1/2023,0,-0.346498372
     Prod_7337,D300,8/1/2023,0,-0.346498372
     Prod_7337,D300,7/1/2023,0,-0.346498372
     Prod_7337,D300,6/1/2023,0,-0.346498372
     Prod_7337,D300,5/1/2023,0,-0.346498372
     Prod_7337,D300,4/1/2023,0,-0.346498372
     Prod_7337,D300,3/1/2023,0,-0.346498372
     Prod_7337,D300,2/1/2023,0,-0.346498372
     Prod_7337,D300,1/1/2023,0,-0.346498372
     Prod_7337,D300,12/1/2022,0,-0.346498372
     Prod_7337,D300,11/1/2022,0,-0.346498372
     Prod_7337,D300,10/1/2022,0,-0.346498372
     Prod_7337,D300,9/1/2022,0,-0.346498372
     Prod_7337,D300,8/1/2022,0,-0.346498372
     Prod_7337,D300,7/1/2022,0,-0.346498372
     Prod_7337,D300,6/1/2022,0,-0.346498372
     Prod_7337,D300,5/1/2022,0,-0.346498372
     Prod_7337,D300,4/1/2022,0,-0.346498372
     Prod_7337,D300,3/1/2022,0,-0.346498372
     Prod_7337,D300,2/1/2022,0,-0.346498372
     Prod_7337,D300,1/1/2022,0,-0.346498372
Prod_21200,D200,9/1/2025,264,-1.149857618
Prod_21200,D200,8/1/2025,260,-1.182915336
Prod_21200,D200,7/1/2025,245,-1.306881778
Prod_21200,D200,6/1/2025,310,-0.769693863
Prod_21200,D200,5/1/2025,316,-0.720107286
Prod_21200,D200,4/1/2025,334,-0.571347556
Prod_21200,D200,3/1/2025,387,-0.133332795
Prod_21200,D200,2/1/2025,280,-1.017626747
Prod_21200,D200,1/1/2025,287,-0.959775741
Prod_21200,D200,12/1/2024,406,0.023691364
Prod_21200,D200,11/1/2024,370,-0.273828096
Prod_21200,D200,10/1/2024,385,-0.149861654
Prod_21200,D200,9/1/2024,271,-1.092006612
Prod_21200,D200,8/1/2024,293,-0.910189164
Prod_21200,D200,7/1/2024,286,-0.96804017
Prod_21200,D200,6/1/2024,406,0.023691364
Prod_21200,D200,5/1/2024,389,-0.116803936
Prod_21200,D200,4/1/2024,352,-0.422587826
Prod_21200,D200,3/1/2024,336,-0.554818697
Prod_21200,D200,2/1/2024,381,-0.182919372
Prod_21200,D200,1/1/2024,319,-0.695313998
Prod_21200,D200,12/1/2023,476,0.602201426
Prod_21200,D200,11/1/2023,379,-0.199448231
Prod_21200,D200,10/1/2023,398,-0.042424071
Prod_21200,D200,9/1/2023,339,-0.530025409
Prod_21200,D200,8/1/2023,497,0.775754445
Prod_21200,D200,7/1/2023,455,0.428648408
Prod_21200,D200,6/1/2023,427,0.197244383
Prod_21200,D200,5/1/2023,567,1.354264507
Prod_21200,D200,4/1/2023,342,-0.505232121
Prod_21200,D200,3/1/2023,452,0.403855119
Prod_21200,D200,2/1/2023,279,-1.025891176
Prod_21200,D200,1/1/2023,298,-0.868867017
Prod_21200,D200,12/1/2022,798,3.263347711
Prod_21200,D200,11/1/2022,492,0.734432298
Prod_21200,D200,10/1/2022,599,1.618726249
Prod_21200,D200,9/1/2022,342,-0.505232121
Prod_21200,D200,8/1/2022,579,1.45343766
Prod_21200,D200,7/1/2022,343,-0.496967691
Prod_21200,D200,6/1/2022,455,0.428648408
Prod_21200,D200,5/1/2022,462,0.486499414
Prod_21200,D200,4/1/2022,591,1.552610814
Prod_21200,D200,3/1/2022,618,1.775750409
Prod_21200,D200,2/1/2022,647,2.015418863
Prod_21200,D200,1/1/2022,429,0.213773242
prod_255,D300,9/1/2025,20,-0.694704123
prod_255,D300,8/1/2025,12,-1.220110603
prod_255,D300,7/1/2025,20,-0.694704123
prod_255,D300,6/1/2025,22,-0.563352503
prod_255,D300,5/1/2025,27,-0.234973453
prod_255,D300,4/1/2025,68,2.457734755
prod_255,D300,3/1/2025,30,-0.037946024
prod_255,D300,2/1/2025,22,-0.563352503
prod_255,D300,1/1/2025,29,-0.103621833
prod_255,D300,12/1/2024,76,2.983141235
prod_255,D300,11/1/2024,29,-0.103621833
prod_255,D300,10/1/2024,17,-0.891731553
prod_255,D300,9/1/2024,20,-0.694704123
prod_255,D300,8/1/2024,49,1.209894366
prod_255,D300,7/1/2024,23,-0.497676693
prod_255,D300,6/1/2024,14,-1.088758983
prod_255,D300,5/1/2024,34,0.224757216
prod_255,D300,4/1/2024,41,0.684487886
prod_255,D300,3/1/2024,11,-1.285786413
prod_255,D300,2/1/2024,23,-0.497676693
prod_255,D300,1/1/2024,27,-0.234973453
prod_255,D300,12/1/2023,29,-0.103621833
prod_255,D300,11/1/2023,10,-1.351462223
prod_255,D300,10/1/2023,32,0.093405596
prod_255,D300,9/1/2023,34,0.224757216
prod_255,D300,8/1/2023,39,0.553136266
prod_255,D300,7/1/2023,11,-1.285786413
prod_255,D300,6/1/2023,23,-0.497676693
prod_255,D300,5/1/2023,22,-0.563352503
prod_255,D300,4/1/2023,16,-0.957407363
prod_255,D300,3/1/2023,28,-0.169297643
prod_255,D300,2/1/2023,20,-0.694704123
prod_255,D300,1/1/2023,18,-0.826055743
prod_255,D300,12/1/2022,56,1.669625035
prod_255,D300,11/1/2022,46,1.012866936
prod_255,D300,10/1/2022,35,0.290433026
prod_255,D300,9/1/2022,37,0.421784646
prod_255,D300,8/1/2022,28,-0.169297643
prod_255,D300,7/1/2022,65,2.260707325
prod_255,D300,6/1/2022,33,0.159081406
prod_255,D300,5/1/2022,20,-0.694704123
prod_255,D300,4/1/2022,37,0.421784646
prod_255,D300,3/1/2022,55,1.603949225
prod_255,D300,2/1/2022,30,-0.037946024
prod_255,D300,1/1/2022,38,0.487460456
PROD_50,D100,9/1/2025,134,-0.776934479
PROD_50,D100,8/1/2025,141,-0.628159792
PROD_50,D100,7/1/2025,142,-0.606906265
PROD_50,D100,6/1/2025,241,1.497192887
PROD_50,D100,5/1/2025,93,-1.648329077
PROD_50,D100,4/1/2025,105,-1.393286756
PROD_50,D100,3/1/2025,101,-1.478300863
PROD_50,D100,2/1/2025,142,-0.606906265
PROD_50,D100,1/1/2025,117,-1.138244434
PROD_50,D100,12/1/2024,138,-0.691920372
PROD_50,D100,11/1/2024,291,2.559869226
PROD_50,D100,10/1/2024,184,0.28574186
PROD_50,D100,9/1/2024,178,0.158220699
PROD_50,D100,8/1/2024,138,-0.691920372
PROD_50,D100,7/1/2024,176,0.115713646
PROD_50,D100,6/1/2024,146,-0.521892158
PROD_50,D100,5/1/2024,152,-0.394370997
PROD_50,D100,4/1/2024,176,0.115713646
PROD_50,D100,3/1/2024,247,1.624714047
PROD_50,D100,2/1/2024,127,-0.925709166
PROD_50,D100,1/1/2024,111,-1.265765595
PROD_50,D100,12/1/2023,125,-0.96821622
PROD_50,D100,11/1/2023,171,0.009446012
PROD_50,D100,10/1/2023,139,-0.670666845
PROD_50,D100,9/1/2023,161,-0.203089256
PROD_50,D100,8/1/2023,187,0.34950244
PROD_50,D100,7/1/2023,183,0.264488333
PROD_50,D100,6/1/2023,267,2.049784583
PROD_50,D100,5/1/2023,172,0.030699539
PROD_50,D100,4/1/2023,115,-1.180751488
PROD_50,D100,3/1/2023,183,0.264488333
PROD_50,D100,2/1/2023,200,0.625798289
PROD_50,D100,1/1/2023,162,-0.181835729
PROD_50,D100,12/1/2022,142,-0.606906265
PROD_50,D100,11/1/2022,192,0.455770074
PROD_50,D100,10/1/2022,212,0.88084061
PROD_50,D100,9/1/2022,176,0.115713646
PROD_50,D100,8/1/2022,173,0.051953065
PROD_50,D100,7/1/2022,187,0.34950244
PROD_50,D100,6/1/2022,198,0.583291235
PROD_50,D100,5/1/2022,293,2.602376279
PROD_50,D100,4/1/2022,223,1.114629405
PROD_50,D100,3/1/2022,190,0.413263021
PROD_50,D100,2/1/2022,139,-0.670666845
PROD_50,D100,1/1/2022,205,0.732065922
Prod_53,D100,9/1/2025,550,0.644907158
Prod_53,D100,8/1/2025,455,-0.088917197
Prod_53,D100,7/1/2025,555,0.683529492
Prod_53,D100,6/1/2025,396,-0.544660743
Prod_53,D100,5/1/2025,642,1.355558111
Prod_53,D100,4/1/2025,579,0.868916697
Prod_53,D100,3/1/2025,458,-0.065743796
Prod_53,D100,2/1/2025,573,0.822569896
Prod_53,D100,1/1/2025,300,-1.286209564
Prod_53,D100,12/1/2024,301,-1.278485097
Prod_53,D100,11/1/2024,408,-0.45196714
Prod_53,D100,10/1/2024,604,1.062028369
Prod_53,D100,9/1/2024,583,0.899814565
Prod_53,D100,8/1/2024,502,0.274132747
Prod_53,D100,7/1/2024,480,0.104194476
Prod_53,D100,6/1/2024,376,-0.699150081
Prod_53,D100,5/1/2024,557,0.698978426
Prod_53,D100,4/1/2024,302,-1.27076063
Prod_53,D100,3/1/2024,342,-0.961781955
Prod_53,D100,2/1/2024,403,-0.490589475
Prod_53,D100,1/1/2024,494,0.212337012
Prod_53,D100,12/1/2023,417,-0.382446938
Prod_53,D100,11/1/2023,465,-0.011672528
Prod_53,D100,10/1/2023,474,0.057847674
Prod_53,D100,9/1/2023,300,-1.286209564
Prod_53,D100,8/1/2023,609,1.100650704
Prod_53,D100,7/1/2023,621,1.193344306
Prod_53,D100,6/1/2023,390,-0.591007544
Prod_53,D100,5/1/2023,307,-1.232138296
Prod_53,D100,4/1/2023,328,-1.069924491
Prod_53,D100,3/1/2023,403,-0.490589475
Prod_53,D100,2/1/2023,370,-0.745496882
Prod_53,D100,1/1/2023,400,-0.513762875
Prod_53,D100,12/1/2022,615,1.146997505
Prod_53,D100,11/1/2022,454,-0.096641663
Prod_53,D100,10/1/2022,407,-0.459691607
Prod_53,D100,9/1/2022,495,0.220061479
Prod_53,D100,8/1/2022,527,0.467244419
Prod_53,D100,7/1/2022,768,2.328840939
Prod_53,D100,6/1/2022,259,-1.602912706
Prod_53,D100,5/1/2022,615,1.146997505
Prod_53,D100,4/1/2022,480,0.104194476
Prod_53,D100,3/1/2022,660,1.494598515
Prod_53,D100,2/1/2022,636,1.30921131
Prod_53,D100,1/1/2022,133,-2.576195534
Prod_5720,D300,9/1/2025,11,-1.132309676
Prod_5720,D300,8/1/2025,12,-1.054635994
Prod_5720,D300,7/1/2025,27,0.110469237
Prod_5720,D300,6/1/2025,37,0.887206057
Prod_5720,D300,5/1/2025,8,-1.365330723
Prod_5720,D300,4/1/2025,23,-0.200225492
Prod_5720,D300,3/1/2025,21,-0.355572856
Prod_5720,D300,2/1/2025,23,-0.200225492
Prod_5720,D300,1/1/2025,19,-0.51092022
Prod_5720,D300,12/1/2024,44,1.430921832
Prod_5720,D300,11/1/2024,10,-1.209983359
Prod_5720,D300,10/1/2024,16,-0.743941266
Prod_5720,D300,9/1/2024,15,-0.821614948
Prod_5720,D300,8/1/2024,22,-0.277899174
Prod_5720,D300,7/1/2024,11,-1.132309676
Prod_5720,D300,6/1/2024,10,-1.209983359
Prod_5720,D300,5/1/2024,20,-0.433246538
Prod_5720,D300,4/1/2024,38,0.96487974
Prod_5720,D300,3/1/2024,10,-1.209983359
Prod_5720,D300,2/1/2024,23,-0.200225492
Prod_5720,D300,1/1/2024,16,-0.743941266
Prod_5720,D300,12/1/2023,24,-0.122551809
Prod_5720,D300,11/1/2023,15,-0.821614948
Prod_5720,D300,10/1/2023,21,-0.355572856
Prod_5720,D300,9/1/2023,36,0.809532375
Prod_5720,D300,8/1/2023,56,2.363006017
Prod_5720,D300,7/1/2023,32,0.498837647
Prod_5720,D300,6/1/2023,29,0.265816601
Prod_5720,D300,5/1/2023,12,-1.054635994
Prod_5720,D300,4/1/2023,15,-0.821614948
Prod_5720,D300,3/1/2023,43,1.35324815
Prod_5720,D300,2/1/2023,31,0.421163965
Prod_5720,D300,1/1/2023,22,-0.277899174
Prod_5720,D300,12/1/2022,47,1.663942878
Prod_5720,D300,11/1/2022,33,0.576511329
Prod_5720,D300,10/1/2022,35,0.731858693
Prod_5720,D300,9/1/2022,43,1.35324815
Prod_5720,D300,8/1/2022,42,1.275574468
Prod_5720,D300,7/1/2022,8,-1.365330723
Prod_5720,D300,6/1/2022,21,-0.355572856
Prod_5720,D300,5/1/2022,41,1.197900786
Prod_5720,D300,4/1/2022,20,-0.433246538
Prod_5720,D300,3/1/2022,41,1.197900786
Prod_5720,D300,2/1/2022,51,1.974637607
Prod_5720,D300,1/1/2022,17,-0.666267584
Prod_5721,D300,9/1/2025,72,1.07182226
Prod_5721,D300,8/1/2025,65,0.78521444
Prod_5721,D300,7/1/2025,45,-0.033665046
Prod_5721,D300,6/1/2025,28,-0.729712608
Prod_5721,D300,5/1/2025,30,-0.64782466
Prod_5721,D300,4/1/2025,28,-0.729712608
Prod_5721,D300,3/1/2025,49,0.130110852
Prod_5721,D300,2/1/2025,52,0.252942774
Prod_5721,D300,1/1/2025,21,-1.016320428
Prod_5721,D300,12/1/2024,49,0.130110852
Prod_5721,D300,11/1/2024,28,-0.729712608
Prod_5721,D300,10/1/2024,25,-0.852544531
Prod_5721,D300,9/1/2024,36,-0.402160814
Prod_5721,D300,8/1/2024,31,-0.606880686
Prod_5721,D300,7/1/2024,40,-0.238384917
Prod_5721,D300,6/1/2024,33,-0.524992737
Prod_5721,D300,5/1/2024,41,-0.197440943
Prod_5721,D300,4/1/2024,46,0.007278929
Prod_5721,D300,3/1/2024,21,-1.016320428
Prod_5721,D300,2/1/2024,39,-0.279328891
Prod_5721,D300,1/1/2024,33,-0.524992737
Prod_5721,D300,12/1/2023,17,-1.180096326
Prod_5721,D300,11/1/2023,22,-0.975376454
Prod_5721,D300,10/1/2023,40,-0.238384917
Prod_5721,D300,9/1/2023,50,0.171054826
Prod_5721,D300,8/1/2023,120,3.037133026
Prod_5721,D300,7/1/2023,24,-0.893488506
Prod_5721,D300,6/1/2023,56,0.416718672
Prod_5721,D300,5/1/2023,33,-0.524992737
Prod_5721,D300,4/1/2023,53,0.293886749
Prod_5721,D300,3/1/2023,29,-0.688768634
Prod_5721,D300,2/1/2023,36,-0.402160814
Prod_5721,D300,1/1/2023,24,-0.893488506
Prod_5721,D300,12/1/2022,26,-0.811600557
Prod_5721,D300,11/1/2022,77,1.276542132
Prod_5721,D300,10/1/2022,106,2.463917386
Prod_5721,D300,9/1/2022,78,1.317486106
Prod_5721,D300,8/1/2022,37,-0.36121684
Prod_5721,D300,7/1/2022,21,-1.016320428
Prod_5721,D300,6/1/2022,43,-0.115552994
Prod_5721,D300,5/1/2022,51,0.2119988
Prod_5721,D300,4/1/2022,93,1.93164572
Prod_5721,D300,3/1/2022,88,1.726925849
Prod_5721,D300,2/1/2022,91,1.849757772
Prod_5721,D300,1/1/2022,35,-0.443104788
Prod_5722,D300,9/1/2025,7,0.091028855
Prod_5722,D300,8/1/2025,3,-1.0013174
Prod_5722,D300,7/1/2025,6,-0.182057709
Prod_5722,D300,6/1/2025,5,-0.455144273
Prod_5722,D300,5/1/2025,10,0.910288545
Prod_5722,D300,4/1/2025,5,-0.455144273
Prod_5722,D300,3/1/2025,4,-0.728230836
Prod_5722,D300,2/1/2025,0,-1.82057709
Prod_5722,D300,1/1/2025,6,-0.182057709
Prod_5722,D300,12/1/2024,3,-1.0013174
Prod_5722,D300,11/1/2024,5,-0.455144273
Prod_5722,D300,10/1/2024,8,0.364115418
Prod_5722,D300,9/1/2024,3,-1.0013174
Prod_5722,D300,8/1/2024,6,-0.182057709
Prod_5722,D300,7/1/2024,6,-0.182057709
Prod_5722,D300,6/1/2024,3,-1.0013174
Prod_5722,D300,5/1/2024,3,-1.0013174
Prod_5722,D300,4/1/2024,7,0.091028855
Prod_5722,D300,3/1/2024,8,0.364115418
Prod_5722,D300,2/1/2024,9,0.637201982
Prod_5722,D300,1/1/2024,5,-0.455144273
Prod_5722,D300,12/1/2023,9,0.637201982
Prod_5722,D300,11/1/2023,1,-1.547490527
Prod_5722,D300,10/1/2023,3,-1.0013174
Prod_5722,D300,9/1/2023,13,1.729548236
Prod_5722,D300,8/1/2023,16,2.548807926
Prod_5722,D300,7/1/2023,5,-0.455144273
Prod_5722,D300,6/1/2023,15,2.275721363
Prod_5722,D300,5/1/2023,11,1.183375109
Prod_5722,D300,4/1/2023,3,-1.0013174
Prod_5722,D300,3/1/2023,5,-0.455144273
Prod_5722,D300,2/1/2023,0,-1.82057709
Prod_5722,D300,1/1/2023,7,0.091028855
Prod_5722,D300,12/1/2022,11,1.183375109
Prod_5722,D300,11/1/2022,7,0.091028855
Prod_5722,D300,10/1/2022,12,1.456461672
Prod_5722,D300,9/1/2022,7,0.091028855
Prod_5722,D300,8/1/2022,7,0.091028855
Prod_5722,D300,7/1/2022,5,-0.455144273
Prod_5722,D300,6/1/2022,8,0.364115418
Prod_5722,D300,5/1/2022,7,0.091028855
Prod_5722,D300,4/1/2022,4,-0.728230836
Prod_5722,D300,3/1/2022,10,0.910288545
Prod_5722,D300,2/1/2022,11,1.183375109
Prod_5722,D300,1/1/2022,11,1.183375109
Prod_5740,D300,9/1/2025,106,0.637163878
Prod_5740,D300,8/1/2025,56,-0.652061595
Prod_5740,D300,7/1/2025,66,-0.3942165
Prod_5740,D300,6/1/2025,60,-0.548923557
Prod_5740,D300,5/1/2025,39,-1.090398256
Prod_5740,D300,4/1/2025,32,-1.270889822
Prod_5740,D300,3/1/2025,138,1.462268181
Prod_5740,D300,2/1/2025,99,0.456672312
Prod_5740,D300,1/1/2025,42,-1.013044727
Prod_5740,D300,12/1/2024,94,0.327749765
Prod_5740,D300,11/1/2024,38,-1.116182765
Prod_5740,D300,10/1/2024,43,-0.987260218
Prod_5740,D300,9/1/2024,73,-0.213724934
Prod_5740,D300,8/1/2024,94,0.327749765
Prod_5740,D300,7/1/2024,52,-0.755199633
Prod_5740,D300,6/1/2024,61,-0.523139048
Prod_5740,D300,5/1/2024,56,-0.652061595
Prod_5740,D300,4/1/2024,134,1.359130143
Prod_5740,D300,3/1/2024,53,-0.729415123
Prod_5740,D300,2/1/2024,71,-0.265293953
Prod_5740,D300,1/1/2024,55,-0.677846104
Prod_5740,D300,12/1/2023,62,-0.497354538
Prod_5740,D300,11/1/2023,50,-0.806768652
Prod_5740,D300,10/1/2023,85,0.09568918
Prod_5740,D300,9/1/2023,82,0.018335651
Prod_5740,D300,8/1/2023,181,2.571002088
Prod_5740,D300,7/1/2023,104,0.585594859
Prod_5740,D300,6/1/2023,112,0.791870935
Prod_5740,D300,5/1/2023,54,-0.703630614
Prod_5740,D300,4/1/2023,104,0.585594859
Prod_5740,D300,3/1/2023,94,0.327749765
Prod_5740,D300,2/1/2023,72,-0.239509443
Prod_5740,D300,1/1/2023,96,0.379318784
Prod_5740,D300,12/1/2022,72,-0.239509443
Prod_5740,D300,11/1/2022,77,-0.110586896
Prod_5740,D300,10/1/2022,193,2.880416202
Prod_5740,D300,9/1/2022,116,0.895008973
Prod_5740,D300,8/1/2022,52,-0.755199633
Prod_5740,D300,7/1/2022,33,-1.245105313
Prod_5740,D300,6/1/2022,38,-1.116182765
Prod_5740,D300,5/1/2022,84,0.06990467
Prod_5740,D300,4/1/2022,143,1.591190729
Prod_5740,D300,3/1/2022,77,-0.110586896
Prod_5740,D300,2/1/2022,164,2.132665427
Prod_5740,D300,1/1/2022,51,-0.780984142
prod_5797,D300,9/1/2025,1024,-0.373675618
prod_5797,D300,8/1/2025,899,-0.995179269
prod_5797,D300,7/1/2025,1144,0.222967888
prod_5797,D300,6/1/2025,892,-1.029983474
prod_5797,D300,5/1/2025,1239,0.695310663
prod_5797,D300,4/1/2025,1168,0.342296589
prod_5797,D300,3/1/2025,1165,0.327380501
prod_5797,D300,2/1/2025,988,-0.552668669
prod_5797,D300,1/1/2025,858,-1.199032467
prod_5797,D300,12/1/2024,1219,0.595870079
prod_5797,D300,11/1/2024,1009,-0.448256056
prod_5797,D300,10/1/2024,1086,-0.065409807
prod_5797,D300,9/1/2024,992,-0.532780552
prod_5797,D300,8/1/2024,1076,-0.115130099
prod_5797,D300,7/1/2024,1076,-0.115130099
prod_5797,D300,6/1/2024,1044,-0.274235033
prod_5797,D300,5/1/2024,1034,-0.323955326
prod_5797,D300,4/1/2024,1070,-0.144962274
prod_5797,D300,3/1/2024,831,-1.333277256
prod_5797,D300,2/1/2024,738,-1.795675972
prod_5797,D300,1/1/2024,1581,2.395744654
prod_5797,D300,12/1/2023,1001,-0.48803229
prod_5797,D300,11/1/2023,908,-0.950431006
prod_5797,D300,10/1/2023,1047,-0.259318946
prod_5797,D300,9/1/2023,912,-0.930542889
prod_5797,D300,8/1/2023,983,-0.577528815
prod_5797,D300,7/1/2023,855,-1.213948555
prod_5797,D300,6/1/2023,1375,1.371506636
prod_5797,D300,5/1/2023,1174,0.372128764
prod_5797,D300,4/1/2023,1098,-0.005745456
prod_5797,D300,3/1/2023,1576,2.370884508
prod_5797,D300,2/1/2023,1049,-0.249374887
prod_5797,D300,1/1/2023,1316,1.078156912
prod_5797,D300,12/1/2022,1346,1.227317789
prod_5797,D300,11/1/2022,1309,1.043352708
prod_5797,D300,10/1/2022,1022,-0.383619676
prod_5797,D300,9/1/2022,970,-0.642165195
prod_5797,D300,8/1/2022,1487,1.928373908
prod_5797,D300,7/1/2022,1309,1.043352708
prod_5797,D300,6/1/2022,1376,1.376478665
prod_5797,D300,5/1/2022,1247,0.735086897
prod_5797,D300,4/1/2022,994,-0.522836494
prod_5797,D300,3/1/2022,1134,0.173247596
prod_5797,D300,2/1/2022,697,-1.99952917
prod_5797,D300,1/1/2022,1144,0.222967888
